-- phpMyAdmin SQL Dump
-- version 4.7.4
-- https://www.phpmyadmin.net/
--
-- Host: 127.0.0.1
-- Generation Time: Apr 02, 2019 at 10:07 AM
-- Server version: 10.1.30-MariaDB
-- PHP Version: 7.2.1

SET SQL_MODE = "NO_AUTO_VALUE_ON_ZERO";
SET AUTOCOMMIT = 0;
START TRANSACTION;
SET time_zone = "+00:00";


/*!40101 SET @OLD_CHARACTER_SET_CLIENT=@@CHARACTER_SET_CLIENT */;
/*!40101 SET @OLD_CHARACTER_SET_RESULTS=@@CHARACTER_SET_RESULTS */;
/*!40101 SET @OLD_COLLATION_CONNECTION=@@COLLATION_CONNECTION */;
/*!40101 SET NAMES utf8mb4 */;

--
-- Database: `rpl_bayaran`
--

-- --------------------------------------------------------

--
-- Table structure for table `as_mhs_golongan`
--

CREATE TABLE `as_mhs_golongan` (
  `id` int(255) NOT NULL,
  `id_mhs` int(255) NOT NULL,
  `golongan` int(255) NOT NULL,
  `timestamp` timestamp NOT NULL DEFAULT CURRENT_TIMESTAMP ON UPDATE CURRENT_TIMESTAMP
) ENGINE=InnoDB DEFAULT CHARSET=latin1;

--
-- Dumping data for table `as_mhs_golongan`
--

INSERT INTO `as_mhs_golongan` (`id`, `id_mhs`, `golongan`, `timestamp`) VALUES
(630, 619, 4, '2019-03-19 01:54:53'),
(631, 1, 6, '2019-04-02 05:18:02'),
(632, 2, 6, '2019-04-02 05:18:02'),
(633, 3, 6, '2019-04-02 05:18:03'),
(634, 4, 6, '2019-04-02 05:18:03'),
(635, 5, 6, '2019-04-02 05:18:03'),
(636, 6, 6, '2019-04-02 05:18:03'),
(637, 7, 6, '2019-04-02 05:18:03'),
(638, 8, 6, '2019-04-02 05:18:03'),
(639, 9, 6, '2019-04-02 05:18:03'),
(640, 10, 6, '2019-04-02 05:18:03'),
(641, 11, 6, '2019-04-02 05:18:04'),
(642, 12, 6, '2019-04-02 05:18:04'),
(643, 13, 6, '2019-04-02 05:18:04'),
(644, 14, 6, '2019-04-02 05:18:04'),
(645, 15, 6, '2019-04-02 05:18:04'),
(646, 16, 6, '2019-04-02 05:18:04'),
(647, 17, 6, '2019-04-02 05:18:04'),
(648, 18, 6, '2019-04-02 05:18:04'),
(649, 19, 6, '2019-04-02 05:18:05'),
(650, 20, 6, '2019-04-02 05:18:05'),
(651, 21, 6, '2019-04-02 05:18:05'),
(652, 22, 6, '2019-04-02 05:18:05'),
(653, 23, 6, '2019-04-02 05:18:05'),
(654, 24, 6, '2019-04-02 05:18:05'),
(655, 25, 6, '2019-04-02 05:18:05'),
(656, 26, 6, '2019-04-02 05:18:05'),
(657, 27, 6, '2019-04-02 05:18:06'),
(658, 28, 6, '2019-04-02 05:18:06'),
(659, 29, 6, '2019-04-02 05:18:06'),
(660, 30, 6, '2019-04-02 05:18:06'),
(661, 31, 6, '2019-04-02 05:18:06'),
(662, 32, 6, '2019-04-02 05:18:06'),
(663, 33, 6, '2019-04-02 05:18:06'),
(664, 34, 6, '2019-04-02 05:18:06'),
(665, 35, 6, '2019-04-02 05:18:07'),
(666, 36, 6, '2019-04-02 05:18:07'),
(667, 37, 6, '2019-04-02 05:18:07'),
(668, 38, 6, '2019-04-02 05:18:07'),
(669, 39, 6, '2019-04-02 05:18:07'),
(670, 40, 6, '2019-04-02 05:18:07'),
(671, 41, 6, '2019-04-02 05:18:07'),
(672, 42, 6, '2019-04-02 05:18:07'),
(673, 43, 6, '2019-04-02 05:18:08'),
(674, 44, 6, '2019-04-02 05:18:08'),
(675, 45, 6, '2019-04-02 05:18:08'),
(676, 46, 6, '2019-04-02 05:18:08'),
(677, 47, 6, '2019-04-02 05:18:08'),
(678, 48, 6, '2019-04-02 05:18:08'),
(679, 49, 6, '2019-04-02 05:18:08'),
(680, 50, 6, '2019-04-02 05:18:08'),
(681, 51, 6, '2019-04-02 05:18:09'),
(682, 52, 6, '2019-04-02 05:18:09'),
(683, 53, 6, '2019-04-02 05:18:09'),
(684, 54, 6, '2019-04-02 05:18:09'),
(685, 55, 6, '2019-04-02 05:18:09'),
(686, 56, 6, '2019-04-02 05:18:09'),
(687, 57, 6, '2019-04-02 05:18:09'),
(688, 58, 6, '2019-04-02 05:18:09'),
(689, 59, 6, '2019-04-02 05:18:10'),
(690, 60, 6, '2019-04-02 05:18:10'),
(691, 61, 6, '2019-04-02 05:18:10'),
(692, 62, 6, '2019-04-02 05:18:10'),
(693, 63, 6, '2019-04-02 05:18:10'),
(694, 64, 6, '2019-04-02 05:18:10'),
(695, 65, 6, '2019-04-02 05:18:10'),
(696, 66, 6, '2019-04-02 05:18:10'),
(697, 67, 6, '2019-04-02 05:18:11'),
(698, 68, 6, '2019-04-02 05:18:11'),
(699, 69, 6, '2019-04-02 05:18:11'),
(700, 70, 6, '2019-04-02 05:18:11'),
(701, 71, 6, '2019-04-02 05:18:11'),
(702, 72, 6, '2019-04-02 05:18:11'),
(703, 73, 6, '2019-04-02 05:18:11'),
(704, 74, 6, '2019-04-02 05:18:11'),
(705, 75, 6, '2019-04-02 05:18:12'),
(706, 76, 6, '2019-04-02 05:18:12'),
(707, 77, 6, '2019-04-02 05:18:12'),
(708, 78, 6, '2019-04-02 05:18:12'),
(709, 79, 6, '2019-04-02 05:18:12'),
(710, 80, 6, '2019-04-02 05:18:12'),
(711, 81, 6, '2019-04-02 05:18:12'),
(712, 82, 6, '2019-04-02 05:18:12'),
(713, 83, 6, '2019-04-02 05:18:13'),
(714, 84, 6, '2019-04-02 05:18:13'),
(715, 85, 6, '2019-04-02 05:18:13'),
(716, 86, 6, '2019-04-02 05:18:13'),
(717, 87, 6, '2019-04-02 05:18:13'),
(718, 88, 6, '2019-04-02 05:18:13'),
(719, 89, 6, '2019-04-02 05:18:13'),
(720, 90, 6, '2019-04-02 05:18:13'),
(721, 91, 6, '2019-04-02 05:18:14'),
(722, 92, 6, '2019-04-02 05:18:14'),
(723, 93, 6, '2019-04-02 05:18:14'),
(724, 94, 6, '2019-04-02 05:18:14'),
(725, 95, 6, '2019-04-02 05:18:14'),
(726, 96, 6, '2019-04-02 05:18:14'),
(727, 97, 6, '2019-04-02 05:18:14'),
(728, 98, 6, '2019-04-02 05:18:14'),
(729, 99, 6, '2019-04-02 05:18:15'),
(730, 100, 6, '2019-04-02 05:18:15'),
(731, 101, 6, '2019-04-02 05:18:15'),
(732, 102, 6, '2019-04-02 05:18:15'),
(733, 103, 6, '2019-04-02 05:18:15'),
(734, 104, 6, '2019-04-02 05:18:15'),
(735, 105, 6, '2019-04-02 05:18:15'),
(736, 106, 6, '2019-04-02 05:18:15'),
(737, 107, 6, '2019-04-02 05:18:16'),
(738, 108, 6, '2019-04-02 05:18:16'),
(739, 109, 6, '2019-04-02 05:18:16'),
(740, 110, 6, '2019-04-02 05:18:16'),
(741, 111, 6, '2019-04-02 05:18:16'),
(742, 112, 6, '2019-04-02 05:18:16'),
(743, 113, 6, '2019-04-02 05:18:16'),
(744, 114, 6, '2019-04-02 05:18:16'),
(745, 115, 6, '2019-04-02 05:18:17'),
(746, 116, 6, '2019-04-02 05:18:17'),
(747, 117, 6, '2019-04-02 05:18:17'),
(748, 118, 6, '2019-04-02 05:18:17'),
(749, 119, 6, '2019-04-02 05:18:17'),
(750, 120, 6, '2019-04-02 05:18:17'),
(751, 121, 6, '2019-04-02 05:18:17'),
(752, 122, 6, '2019-04-02 05:18:17'),
(753, 123, 6, '2019-04-02 05:18:18'),
(754, 124, 6, '2019-04-02 05:18:18'),
(755, 125, 6, '2019-04-02 05:18:18'),
(756, 126, 6, '2019-04-02 05:18:18'),
(757, 127, 6, '2019-04-02 05:18:18'),
(758, 128, 6, '2019-04-02 05:18:18'),
(759, 129, 6, '2019-04-02 05:18:18'),
(760, 130, 6, '2019-04-02 05:18:18'),
(761, 131, 6, '2019-04-02 05:18:19'),
(762, 132, 6, '2019-04-02 05:18:19'),
(763, 133, 6, '2019-04-02 05:18:19'),
(764, 134, 6, '2019-04-02 05:18:19'),
(765, 135, 6, '2019-04-02 05:18:19'),
(766, 136, 6, '2019-04-02 05:18:19'),
(767, 137, 6, '2019-04-02 05:18:19'),
(768, 138, 6, '2019-04-02 05:18:19'),
(769, 139, 6, '2019-04-02 05:18:20'),
(770, 140, 6, '2019-04-02 05:18:20'),
(771, 141, 6, '2019-04-02 05:18:20'),
(772, 142, 6, '2019-04-02 05:18:20'),
(773, 143, 6, '2019-04-02 05:18:20'),
(774, 144, 6, '2019-04-02 05:18:20'),
(775, 145, 6, '2019-04-02 05:18:20'),
(776, 146, 6, '2019-04-02 05:18:20'),
(777, 147, 6, '2019-04-02 05:18:21'),
(778, 148, 6, '2019-04-02 05:18:21'),
(779, 149, 6, '2019-04-02 05:18:21'),
(780, 150, 6, '2019-04-02 05:18:21'),
(781, 151, 6, '2019-04-02 05:18:21'),
(782, 152, 6, '2019-04-02 05:18:21'),
(783, 153, 6, '2019-04-02 05:18:21'),
(784, 154, 6, '2019-04-02 05:18:21'),
(785, 155, 6, '2019-04-02 05:18:22'),
(786, 156, 6, '2019-04-02 05:18:22'),
(787, 157, 6, '2019-04-02 05:18:22'),
(788, 158, 6, '2019-04-02 05:18:22'),
(789, 159, 6, '2019-04-02 05:18:22'),
(790, 160, 6, '2019-04-02 05:18:22'),
(791, 161, 6, '2019-04-02 05:18:22'),
(792, 162, 6, '2019-04-02 05:18:22'),
(793, 163, 6, '2019-04-02 05:18:23'),
(794, 164, 6, '2019-04-02 05:18:23'),
(795, 165, 6, '2019-04-02 05:18:23'),
(796, 166, 6, '2019-04-02 05:18:23'),
(797, 167, 6, '2019-04-02 05:18:23'),
(798, 168, 6, '2019-04-02 05:18:23'),
(799, 169, 6, '2019-04-02 05:18:23'),
(800, 170, 6, '2019-04-02 05:18:23'),
(801, 171, 6, '2019-04-02 05:18:24'),
(802, 172, 6, '2019-04-02 05:18:24'),
(803, 173, 6, '2019-04-02 05:18:24'),
(804, 174, 6, '2019-04-02 05:18:24'),
(805, 175, 6, '2019-04-02 05:18:24'),
(806, 176, 6, '2019-04-02 05:18:24'),
(807, 177, 6, '2019-04-02 05:18:24'),
(808, 178, 6, '2019-04-02 05:18:24'),
(809, 179, 6, '2019-04-02 05:18:25'),
(810, 180, 6, '2019-04-02 05:18:25'),
(811, 181, 6, '2019-04-02 05:18:25'),
(812, 182, 6, '2019-04-02 05:18:25'),
(813, 183, 6, '2019-04-02 05:18:25'),
(814, 184, 6, '2019-04-02 05:18:25'),
(815, 185, 6, '2019-04-02 05:18:25'),
(816, 186, 6, '2019-04-02 05:18:25'),
(817, 187, 6, '2019-04-02 05:18:26'),
(818, 188, 6, '2019-04-02 05:18:26'),
(819, 189, 6, '2019-04-02 05:18:26'),
(820, 190, 6, '2019-04-02 05:18:26'),
(821, 191, 6, '2019-04-02 05:18:26'),
(822, 192, 6, '2019-04-02 05:18:26'),
(823, 193, 6, '2019-04-02 05:18:26'),
(824, 194, 6, '2019-04-02 05:18:26'),
(825, 195, 6, '2019-04-02 05:18:27'),
(826, 196, 6, '2019-04-02 05:18:27'),
(827, 197, 6, '2019-04-02 05:18:27'),
(828, 198, 6, '2019-04-02 05:18:27'),
(829, 199, 6, '2019-04-02 05:18:27'),
(830, 200, 6, '2019-04-02 05:18:27'),
(831, 201, 6, '2019-04-02 05:18:27'),
(832, 202, 6, '2019-04-02 05:18:27'),
(833, 203, 6, '2019-04-02 05:18:28'),
(834, 204, 6, '2019-04-02 05:18:28'),
(835, 205, 6, '2019-04-02 05:18:28'),
(836, 206, 6, '2019-04-02 05:18:28'),
(837, 207, 6, '2019-04-02 05:18:28'),
(838, 208, 6, '2019-04-02 05:18:28'),
(839, 209, 6, '2019-04-02 05:18:28'),
(840, 210, 6, '2019-04-02 05:18:28'),
(841, 211, 6, '2019-04-02 05:18:29'),
(842, 212, 6, '2019-04-02 05:18:29'),
(843, 213, 6, '2019-04-02 05:18:29'),
(844, 214, 6, '2019-04-02 05:18:29'),
(845, 215, 6, '2019-04-02 05:18:29'),
(846, 216, 6, '2019-04-02 05:18:29'),
(847, 217, 6, '2019-04-02 05:18:29'),
(848, 218, 6, '2019-04-02 05:18:29'),
(849, 219, 6, '2019-04-02 05:18:30'),
(850, 220, 6, '2019-04-02 05:18:30'),
(851, 221, 6, '2019-04-02 05:18:30'),
(852, 222, 6, '2019-04-02 05:18:30'),
(853, 223, 6, '2019-04-02 05:18:30'),
(854, 224, 6, '2019-04-02 05:18:30'),
(855, 225, 6, '2019-04-02 05:18:30'),
(856, 226, 6, '2019-04-02 05:18:30'),
(857, 227, 6, '2019-04-02 05:18:31'),
(858, 228, 6, '2019-04-02 05:18:31'),
(859, 229, 6, '2019-04-02 05:18:31'),
(860, 230, 6, '2019-04-02 05:18:31'),
(861, 231, 6, '2019-04-02 05:18:31'),
(862, 232, 6, '2019-04-02 05:18:31'),
(863, 233, 6, '2019-04-02 05:18:31'),
(864, 234, 6, '2019-04-02 05:18:31'),
(865, 235, 6, '2019-04-02 05:18:32'),
(866, 236, 6, '2019-04-02 05:18:32'),
(867, 237, 6, '2019-04-02 05:18:32'),
(868, 238, 6, '2019-04-02 05:18:32'),
(869, 239, 6, '2019-04-02 05:18:32'),
(870, 240, 6, '2019-04-02 05:18:32'),
(871, 241, 6, '2019-04-02 05:18:32'),
(872, 242, 6, '2019-04-02 05:18:32'),
(873, 243, 6, '2019-04-02 05:18:33'),
(874, 244, 6, '2019-04-02 05:18:33'),
(875, 245, 6, '2019-04-02 05:18:33'),
(876, 246, 6, '2019-04-02 05:18:33'),
(877, 247, 6, '2019-04-02 05:18:33'),
(878, 248, 6, '2019-04-02 05:18:33'),
(879, 249, 6, '2019-04-02 05:18:33'),
(880, 250, 6, '2019-04-02 05:18:33'),
(881, 251, 6, '2019-04-02 05:18:34'),
(882, 252, 6, '2019-04-02 05:18:34'),
(883, 253, 6, '2019-04-02 05:18:34'),
(884, 254, 6, '2019-04-02 05:18:34'),
(885, 255, 6, '2019-04-02 05:18:34'),
(886, 256, 6, '2019-04-02 05:18:34'),
(887, 257, 6, '2019-04-02 05:18:34'),
(888, 258, 6, '2019-04-02 05:18:34'),
(889, 259, 6, '2019-04-02 05:18:35'),
(890, 260, 6, '2019-04-02 05:18:35'),
(891, 261, 6, '2019-04-02 05:18:35'),
(892, 262, 6, '2019-04-02 05:18:35'),
(893, 263, 6, '2019-04-02 05:18:35'),
(894, 264, 6, '2019-04-02 05:18:35'),
(895, 265, 6, '2019-04-02 05:18:35'),
(896, 266, 6, '2019-04-02 05:18:35'),
(897, 267, 6, '2019-04-02 05:18:36'),
(898, 268, 6, '2019-04-02 05:18:36'),
(899, 269, 6, '2019-04-02 05:18:36'),
(900, 270, 6, '2019-04-02 05:18:36'),
(901, 271, 6, '2019-04-02 05:18:36'),
(902, 272, 6, '2019-04-02 05:18:36'),
(903, 273, 6, '2019-04-02 05:18:36'),
(904, 274, 6, '2019-04-02 05:18:36'),
(905, 275, 6, '2019-04-02 05:18:37'),
(906, 276, 6, '2019-04-02 05:18:37'),
(907, 277, 6, '2019-04-02 05:18:37'),
(908, 278, 6, '2019-04-02 05:18:37'),
(909, 279, 6, '2019-04-02 05:18:37'),
(910, 280, 6, '2019-04-02 05:18:37'),
(911, 281, 6, '2019-04-02 05:18:37'),
(912, 282, 6, '2019-04-02 05:18:37'),
(913, 283, 6, '2019-04-02 05:18:38'),
(914, 284, 6, '2019-04-02 05:18:38'),
(915, 285, 6, '2019-04-02 05:18:38'),
(916, 286, 6, '2019-04-02 05:18:38'),
(917, 287, 6, '2019-04-02 05:18:38'),
(918, 288, 6, '2019-04-02 05:18:38'),
(919, 289, 6, '2019-04-02 05:18:38'),
(920, 290, 6, '2019-04-02 05:18:38'),
(921, 291, 6, '2019-04-02 05:18:39'),
(922, 292, 6, '2019-04-02 05:18:39'),
(923, 293, 6, '2019-04-02 05:18:39'),
(924, 294, 6, '2019-04-02 05:18:39'),
(925, 295, 6, '2019-04-02 05:18:39'),
(926, 296, 6, '2019-04-02 05:18:39'),
(927, 297, 6, '2019-04-02 05:18:39'),
(928, 298, 6, '2019-04-02 05:18:39'),
(929, 299, 6, '2019-04-02 05:18:40'),
(930, 300, 6, '2019-04-02 05:18:40'),
(931, 301, 6, '2019-04-02 05:18:40'),
(932, 302, 6, '2019-04-02 05:18:40'),
(933, 303, 6, '2019-04-02 05:18:40'),
(934, 304, 6, '2019-04-02 05:18:40'),
(935, 305, 6, '2019-04-02 05:18:40'),
(936, 306, 6, '2019-04-02 05:18:40'),
(937, 307, 6, '2019-04-02 05:18:41'),
(938, 308, 6, '2019-04-02 05:18:41'),
(939, 309, 6, '2019-04-02 05:18:41'),
(940, 310, 6, '2019-04-02 05:18:41'),
(941, 311, 6, '2019-04-02 05:18:41'),
(942, 312, 6, '2019-04-02 05:18:41'),
(943, 313, 6, '2019-04-02 05:18:41'),
(944, 314, 6, '2019-04-02 05:18:41'),
(945, 315, 6, '2019-04-02 05:18:42'),
(946, 316, 6, '2019-04-02 05:18:42'),
(947, 317, 6, '2019-04-02 05:18:42'),
(948, 318, 6, '2019-04-02 05:18:42'),
(949, 319, 6, '2019-04-02 05:18:42'),
(950, 320, 6, '2019-04-02 05:18:42'),
(951, 321, 6, '2019-04-02 05:18:42'),
(952, 322, 6, '2019-04-02 05:18:42'),
(953, 323, 6, '2019-04-02 05:18:43'),
(954, 324, 6, '2019-04-02 05:18:43'),
(955, 325, 6, '2019-04-02 05:18:43'),
(956, 326, 6, '2019-04-02 05:18:43'),
(957, 327, 6, '2019-04-02 05:18:43'),
(958, 328, 6, '2019-04-02 05:18:43'),
(959, 329, 6, '2019-04-02 05:18:43'),
(960, 330, 6, '2019-04-02 05:18:43'),
(961, 331, 6, '2019-04-02 05:18:44'),
(962, 332, 6, '2019-04-02 05:18:44'),
(963, 333, 6, '2019-04-02 05:18:44'),
(964, 334, 6, '2019-04-02 05:18:44'),
(965, 335, 6, '2019-04-02 05:18:44'),
(966, 336, 6, '2019-04-02 05:18:44'),
(967, 337, 6, '2019-04-02 05:18:44'),
(968, 338, 6, '2019-04-02 05:18:44'),
(969, 339, 6, '2019-04-02 05:18:45'),
(970, 340, 6, '2019-04-02 05:18:45'),
(971, 341, 6, '2019-04-02 05:18:45'),
(972, 342, 6, '2019-04-02 05:18:45'),
(973, 343, 6, '2019-04-02 05:18:45'),
(974, 344, 6, '2019-04-02 05:18:45'),
(975, 345, 6, '2019-04-02 05:18:45'),
(976, 346, 6, '2019-04-02 05:18:45'),
(977, 347, 6, '2019-04-02 05:18:46'),
(978, 348, 6, '2019-04-02 05:18:46'),
(979, 349, 6, '2019-04-02 05:18:46'),
(980, 350, 6, '2019-04-02 05:18:46'),
(981, 351, 6, '2019-04-02 05:18:46'),
(982, 352, 6, '2019-04-02 05:18:46'),
(983, 353, 6, '2019-04-02 05:18:46'),
(984, 354, 6, '2019-04-02 05:18:46'),
(985, 355, 6, '2019-04-02 05:18:47'),
(986, 356, 6, '2019-04-02 05:18:47'),
(987, 357, 6, '2019-04-02 05:18:47'),
(988, 358, 6, '2019-04-02 05:18:47'),
(989, 359, 6, '2019-04-02 05:18:47'),
(990, 360, 6, '2019-04-02 05:18:47'),
(991, 361, 6, '2019-04-02 05:18:47'),
(992, 362, 6, '2019-04-02 05:18:47'),
(993, 363, 6, '2019-04-02 05:18:48'),
(994, 364, 6, '2019-04-02 05:18:48'),
(995, 365, 6, '2019-04-02 05:18:48'),
(996, 366, 6, '2019-04-02 05:18:48'),
(997, 367, 6, '2019-04-02 05:18:48'),
(998, 368, 6, '2019-04-02 05:18:48'),
(999, 369, 6, '2019-04-02 05:18:48'),
(1000, 370, 6, '2019-04-02 05:18:48'),
(1001, 371, 6, '2019-04-02 05:18:49'),
(1002, 372, 6, '2019-04-02 05:18:49'),
(1003, 373, 6, '2019-04-02 05:18:49'),
(1004, 374, 6, '2019-04-02 05:18:49'),
(1005, 375, 6, '2019-04-02 05:18:49'),
(1006, 376, 6, '2019-04-02 05:18:49'),
(1007, 377, 6, '2019-04-02 05:18:49'),
(1008, 378, 6, '2019-04-02 05:18:49'),
(1009, 379, 6, '2019-04-02 05:18:50'),
(1010, 380, 6, '2019-04-02 05:18:50'),
(1011, 381, 6, '2019-04-02 05:18:50'),
(1012, 382, 6, '2019-04-02 05:18:50'),
(1013, 383, 6, '2019-04-02 05:18:50'),
(1014, 384, 6, '2019-04-02 05:18:50'),
(1015, 385, 6, '2019-04-02 05:18:50'),
(1016, 386, 6, '2019-04-02 05:18:50'),
(1017, 387, 6, '2019-04-02 05:18:51'),
(1018, 388, 6, '2019-04-02 05:18:51'),
(1019, 389, 6, '2019-04-02 05:18:51'),
(1020, 390, 6, '2019-04-02 05:18:51'),
(1021, 391, 6, '2019-04-02 05:18:51'),
(1022, 392, 6, '2019-04-02 05:18:51'),
(1023, 393, 6, '2019-04-02 05:18:51'),
(1024, 394, 6, '2019-04-02 05:18:51'),
(1025, 395, 6, '2019-04-02 05:18:52'),
(1026, 396, 6, '2019-04-02 05:18:52'),
(1027, 397, 6, '2019-04-02 05:18:52'),
(1028, 398, 6, '2019-04-02 05:18:52'),
(1029, 399, 6, '2019-04-02 05:18:52'),
(1030, 400, 6, '2019-04-02 05:18:52'),
(1031, 401, 6, '2019-04-02 05:18:52'),
(1032, 402, 6, '2019-04-02 05:18:52'),
(1033, 403, 6, '2019-04-02 05:18:53'),
(1034, 404, 6, '2019-04-02 05:18:53'),
(1035, 405, 6, '2019-04-02 05:18:53'),
(1036, 406, 6, '2019-04-02 05:18:53'),
(1037, 407, 6, '2019-04-02 05:18:53'),
(1038, 408, 6, '2019-04-02 05:18:53'),
(1039, 409, 6, '2019-04-02 05:18:53'),
(1040, 410, 6, '2019-04-02 05:18:53'),
(1041, 411, 6, '2019-04-02 05:18:54'),
(1042, 412, 6, '2019-04-02 05:18:54'),
(1043, 413, 6, '2019-04-02 05:18:54'),
(1044, 414, 6, '2019-04-02 05:18:54'),
(1045, 415, 6, '2019-04-02 05:18:54'),
(1046, 416, 6, '2019-04-02 05:18:54'),
(1047, 417, 6, '2019-04-02 05:18:54'),
(1048, 418, 6, '2019-04-02 05:18:54'),
(1049, 419, 6, '2019-04-02 05:18:55'),
(1050, 420, 6, '2019-04-02 05:18:55'),
(1051, 421, 6, '2019-04-02 05:18:55'),
(1052, 422, 6, '2019-04-02 05:18:55'),
(1053, 423, 6, '2019-04-02 05:18:55'),
(1054, 424, 6, '2019-04-02 05:18:55'),
(1055, 425, 6, '2019-04-02 05:18:55'),
(1056, 426, 6, '2019-04-02 05:18:55'),
(1057, 427, 6, '2019-04-02 05:18:56'),
(1058, 428, 6, '2019-04-02 05:18:56'),
(1059, 429, 6, '2019-04-02 05:18:56'),
(1060, 430, 6, '2019-04-02 05:18:56'),
(1061, 431, 6, '2019-04-02 05:18:56'),
(1062, 432, 6, '2019-04-02 05:18:56'),
(1063, 433, 6, '2019-04-02 05:18:56'),
(1064, 434, 6, '2019-04-02 05:18:56'),
(1065, 435, 6, '2019-04-02 05:18:57'),
(1066, 436, 6, '2019-04-02 05:18:57'),
(1067, 437, 6, '2019-04-02 05:18:57'),
(1068, 438, 6, '2019-04-02 05:18:57'),
(1069, 439, 6, '2019-04-02 05:18:57'),
(1070, 440, 6, '2019-04-02 05:18:57'),
(1071, 441, 6, '2019-04-02 05:18:57'),
(1072, 442, 6, '2019-04-02 05:18:57'),
(1073, 443, 6, '2019-04-02 05:18:58'),
(1074, 444, 6, '2019-04-02 05:18:58'),
(1075, 445, 6, '2019-04-02 05:18:58'),
(1076, 446, 6, '2019-04-02 05:18:58'),
(1077, 447, 6, '2019-04-02 05:18:58'),
(1078, 448, 6, '2019-04-02 05:18:58'),
(1079, 449, 6, '2019-04-02 05:18:58'),
(1080, 450, 6, '2019-04-02 05:18:58'),
(1081, 451, 6, '2019-04-02 05:18:59'),
(1082, 452, 6, '2019-04-02 05:18:59'),
(1083, 453, 6, '2019-04-02 05:18:59'),
(1084, 454, 6, '2019-04-02 05:18:59'),
(1085, 455, 6, '2019-04-02 05:18:59'),
(1086, 456, 6, '2019-04-02 05:18:59'),
(1087, 457, 6, '2019-04-02 05:18:59'),
(1088, 458, 6, '2019-04-02 05:18:59'),
(1089, 459, 6, '2019-04-02 05:19:00'),
(1090, 460, 6, '2019-04-02 05:19:00'),
(1091, 461, 6, '2019-04-02 05:19:00'),
(1092, 462, 6, '2019-04-02 05:19:00'),
(1093, 463, 6, '2019-04-02 05:19:00'),
(1094, 464, 6, '2019-04-02 05:19:00'),
(1095, 465, 6, '2019-04-02 05:19:00'),
(1096, 466, 6, '2019-04-02 05:19:00'),
(1097, 467, 6, '2019-04-02 05:19:01'),
(1098, 468, 6, '2019-04-02 05:19:01'),
(1099, 469, 6, '2019-04-02 05:19:01'),
(1100, 470, 6, '2019-04-02 05:19:01'),
(1101, 471, 6, '2019-04-02 05:19:01'),
(1102, 472, 6, '2019-04-02 05:19:01'),
(1103, 473, 6, '2019-04-02 05:19:01'),
(1104, 474, 6, '2019-04-02 05:19:02'),
(1105, 475, 6, '2019-04-02 05:19:02'),
(1106, 476, 6, '2019-04-02 05:19:02'),
(1107, 477, 6, '2019-04-02 05:19:02'),
(1108, 478, 6, '2019-04-02 05:19:02'),
(1109, 479, 6, '2019-04-02 05:19:02'),
(1110, 480, 6, '2019-04-02 05:19:02'),
(1111, 481, 6, '2019-04-02 05:19:02'),
(1112, 482, 6, '2019-04-02 05:19:03'),
(1113, 483, 6, '2019-04-02 05:19:03'),
(1114, 484, 6, '2019-04-02 05:19:03'),
(1115, 485, 6, '2019-04-02 05:19:03'),
(1116, 486, 6, '2019-04-02 05:19:03'),
(1117, 487, 6, '2019-04-02 05:19:03'),
(1118, 488, 6, '2019-04-02 05:19:03'),
(1119, 489, 6, '2019-04-02 05:19:03'),
(1120, 490, 6, '2019-04-02 05:19:04'),
(1121, 491, 6, '2019-04-02 05:19:04'),
(1122, 492, 6, '2019-04-02 05:19:04'),
(1123, 493, 6, '2019-04-02 05:19:04'),
(1124, 494, 6, '2019-04-02 05:19:04'),
(1125, 495, 6, '2019-04-02 05:19:04'),
(1126, 496, 6, '2019-04-02 05:19:04'),
(1127, 497, 6, '2019-04-02 05:19:04'),
(1128, 498, 6, '2019-04-02 05:19:05'),
(1129, 499, 6, '2019-04-02 05:19:05'),
(1130, 500, 6, '2019-04-02 05:19:05'),
(1131, 501, 6, '2019-04-02 05:19:05'),
(1132, 502, 6, '2019-04-02 05:19:05'),
(1133, 503, 6, '2019-04-02 05:19:05'),
(1134, 504, 6, '2019-04-02 05:19:05'),
(1135, 505, 6, '2019-04-02 05:19:05'),
(1136, 506, 6, '2019-04-02 05:19:06'),
(1137, 507, 6, '2019-04-02 05:19:06'),
(1138, 508, 6, '2019-04-02 05:19:06'),
(1139, 509, 6, '2019-04-02 05:19:06'),
(1140, 510, 6, '2019-04-02 05:19:06'),
(1141, 511, 6, '2019-04-02 05:19:06'),
(1142, 512, 6, '2019-04-02 05:19:06'),
(1143, 513, 6, '2019-04-02 05:19:06'),
(1144, 514, 6, '2019-04-02 05:19:07'),
(1145, 515, 6, '2019-04-02 05:19:07'),
(1146, 516, 6, '2019-04-02 05:19:07'),
(1147, 517, 6, '2019-04-02 05:19:07'),
(1148, 518, 6, '2019-04-02 05:19:07'),
(1149, 519, 6, '2019-04-02 05:19:07'),
(1150, 520, 6, '2019-04-02 05:19:07'),
(1151, 521, 6, '2019-04-02 05:19:07'),
(1152, 522, 6, '2019-04-02 05:19:08'),
(1153, 523, 6, '2019-04-02 05:19:08'),
(1154, 524, 6, '2019-04-02 05:19:08'),
(1155, 525, 6, '2019-04-02 05:19:08'),
(1156, 526, 6, '2019-04-02 05:19:08'),
(1157, 527, 6, '2019-04-02 05:19:08'),
(1158, 528, 6, '2019-04-02 05:19:08'),
(1159, 529, 6, '2019-04-02 05:19:08'),
(1160, 530, 6, '2019-04-02 05:19:09'),
(1161, 531, 6, '2019-04-02 05:19:09'),
(1162, 532, 6, '2019-04-02 05:19:09'),
(1163, 533, 6, '2019-04-02 05:19:09'),
(1164, 534, 6, '2019-04-02 05:19:09'),
(1165, 535, 6, '2019-04-02 05:19:09'),
(1166, 536, 6, '2019-04-02 05:19:09'),
(1167, 537, 6, '2019-04-02 05:19:09'),
(1168, 538, 6, '2019-04-02 05:19:10'),
(1169, 539, 6, '2019-04-02 05:19:10'),
(1170, 540, 6, '2019-04-02 05:19:10'),
(1171, 541, 6, '2019-04-02 05:19:10'),
(1172, 542, 6, '2019-04-02 05:19:10'),
(1173, 543, 6, '2019-04-02 05:19:10'),
(1174, 544, 6, '2019-04-02 05:19:10'),
(1175, 545, 6, '2019-04-02 05:19:10'),
(1176, 546, 6, '2019-04-02 05:19:11'),
(1177, 547, 6, '2019-04-02 05:19:11'),
(1178, 548, 6, '2019-04-02 05:19:11'),
(1179, 549, 6, '2019-04-02 05:19:11'),
(1180, 550, 6, '2019-04-02 05:19:11'),
(1181, 551, 6, '2019-04-02 05:19:11'),
(1182, 552, 6, '2019-04-02 05:19:11'),
(1183, 553, 6, '2019-04-02 05:19:11'),
(1184, 554, 6, '2019-04-02 05:19:12'),
(1185, 555, 6, '2019-04-02 05:19:12'),
(1186, 556, 6, '2019-04-02 05:19:12'),
(1187, 557, 6, '2019-04-02 05:19:12'),
(1188, 558, 6, '2019-04-02 05:19:12'),
(1189, 559, 6, '2019-04-02 05:19:12'),
(1190, 560, 6, '2019-04-02 05:19:12'),
(1191, 561, 6, '2019-04-02 05:19:12'),
(1192, 562, 6, '2019-04-02 05:19:13'),
(1193, 563, 6, '2019-04-02 05:19:13'),
(1194, 564, 6, '2019-04-02 05:19:13'),
(1195, 565, 6, '2019-04-02 05:19:13'),
(1196, 566, 6, '2019-04-02 05:19:13'),
(1197, 567, 6, '2019-04-02 05:19:13'),
(1198, 568, 6, '2019-04-02 05:19:13'),
(1199, 569, 6, '2019-04-02 05:19:13'),
(1200, 570, 6, '2019-04-02 05:19:14'),
(1201, 571, 6, '2019-04-02 05:19:14'),
(1202, 572, 6, '2019-04-02 05:19:14'),
(1203, 573, 6, '2019-04-02 05:19:14'),
(1204, 574, 6, '2019-04-02 05:19:14'),
(1205, 575, 6, '2019-04-02 05:19:14'),
(1206, 576, 6, '2019-04-02 05:19:14'),
(1207, 577, 6, '2019-04-02 05:19:14'),
(1208, 578, 6, '2019-04-02 05:19:15'),
(1209, 579, 6, '2019-04-02 05:19:15'),
(1210, 580, 6, '2019-04-02 05:19:15'),
(1211, 581, 6, '2019-04-02 05:19:15'),
(1212, 582, 6, '2019-04-02 05:19:15'),
(1213, 583, 6, '2019-04-02 05:19:15'),
(1214, 584, 6, '2019-04-02 05:19:15'),
(1215, 585, 6, '2019-04-02 05:19:15'),
(1216, 586, 6, '2019-04-02 05:19:16'),
(1217, 587, 6, '2019-04-02 05:19:16'),
(1218, 588, 6, '2019-04-02 05:19:16'),
(1219, 589, 6, '2019-04-02 05:19:16'),
(1220, 590, 6, '2019-04-02 05:19:16'),
(1221, 591, 6, '2019-04-02 05:19:16'),
(1222, 592, 6, '2019-04-02 05:19:16'),
(1223, 593, 6, '2019-04-02 05:19:16'),
(1224, 594, 6, '2019-04-02 05:19:17'),
(1225, 595, 6, '2019-04-02 05:19:17'),
(1226, 596, 6, '2019-04-02 05:19:17'),
(1227, 597, 6, '2019-04-02 05:19:17'),
(1228, 598, 6, '2019-04-02 05:19:17'),
(1229, 599, 6, '2019-04-02 05:19:17'),
(1230, 600, 6, '2019-04-02 05:19:17'),
(1231, 601, 6, '2019-04-02 05:19:17'),
(1232, 602, 6, '2019-04-02 05:19:18'),
(1233, 603, 6, '2019-04-02 05:19:18'),
(1234, 604, 6, '2019-04-02 05:19:18'),
(1235, 605, 6, '2019-04-02 05:19:18'),
(1236, 606, 6, '2019-04-02 05:19:18'),
(1237, 607, 6, '2019-04-02 05:19:18'),
(1238, 608, 6, '2019-04-02 05:19:18'),
(1239, 609, 6, '2019-04-02 05:19:18'),
(1240, 610, 6, '2019-04-02 05:19:19'),
(1241, 611, 6, '2019-04-02 05:19:19'),
(1242, 612, 6, '2019-04-02 05:19:19'),
(1243, 613, 6, '2019-04-02 05:19:19'),
(1244, 614, 6, '2019-04-02 05:19:19'),
(1245, 615, 6, '2019-04-02 05:19:19'),
(1246, 616, 6, '2019-04-02 05:19:19'),
(1247, 617, 6, '2019-04-02 05:19:19'),
(1248, 618, 6, '2019-04-02 05:19:20'),
(1249, 620, 6, '2019-04-02 05:19:20'),
(1250, 621, 6, '2019-04-02 05:19:20'),
(1251, 622, 6, '2019-04-02 05:19:20'),
(1252, 623, 6, '2019-04-02 05:19:20'),
(1253, 624, 6, '2019-04-02 05:19:20'),
(1254, 625, 6, '2019-04-02 05:19:20'),
(1255, 626, 6, '2019-04-02 05:19:20'),
(1256, 627, 6, '2019-04-02 05:19:21'),
(1257, 628, 6, '2019-04-02 05:19:21'),
(1258, 629, 6, '2019-04-02 05:19:21'),
(1259, 630, 6, '2019-04-02 05:19:21'),
(1260, 631, 6, '2019-04-02 05:19:21'),
(1261, 632, 6, '2019-04-02 05:19:21'),
(1262, 633, 6, '2019-04-02 05:19:21'),
(1263, 634, 6, '2019-04-02 05:19:21'),
(1264, 635, 6, '2019-04-02 05:19:22'),
(1265, 636, 6, '2019-04-02 05:19:22'),
(1266, 637, 6, '2019-04-02 05:19:22'),
(1267, 638, 6, '2019-04-02 05:19:22'),
(1268, 639, 6, '2019-04-02 05:19:22'),
(1269, 640, 6, '2019-04-02 05:19:22'),
(1270, 641, 6, '2019-04-02 05:19:22'),
(1271, 642, 6, '2019-04-02 05:19:22'),
(1272, 643, 6, '2019-04-02 05:19:23'),
(1273, 644, 6, '2019-04-02 05:19:23'),
(1274, 645, 6, '2019-04-02 05:19:23'),
(1275, 646, 6, '2019-04-02 05:19:23'),
(1276, 647, 6, '2019-04-02 05:19:23'),
(1277, 648, 6, '2019-04-02 05:19:23'),
(1278, 649, 6, '2019-04-02 05:19:23'),
(1279, 650, 6, '2019-04-02 05:19:23'),
(1280, 651, 6, '2019-04-02 05:19:24'),
(1281, 652, 6, '2019-04-02 05:19:24'),
(1282, 653, 6, '2019-04-02 05:19:24'),
(1283, 654, 6, '2019-04-02 05:19:24'),
(1284, 655, 6, '2019-04-02 05:19:24'),
(1285, 656, 6, '2019-04-02 05:19:24'),
(1286, 657, 6, '2019-04-02 05:19:24'),
(1287, 658, 6, '2019-04-02 05:19:24'),
(1288, 659, 6, '2019-04-02 05:19:25'),
(1289, 660, 6, '2019-04-02 05:19:25'),
(1290, 661, 6, '2019-04-02 05:19:25'),
(1291, 662, 6, '2019-04-02 05:19:25'),
(1292, 663, 6, '2019-04-02 05:19:25'),
(1293, 664, 6, '2019-04-02 05:19:25'),
(1294, 665, 6, '2019-04-02 05:19:25'),
(1295, 666, 6, '2019-04-02 05:19:25'),
(1296, 667, 6, '2019-04-02 05:19:26'),
(1297, 668, 6, '2019-04-02 05:19:26'),
(1298, 669, 6, '2019-04-02 05:19:26'),
(1299, 670, 6, '2019-04-02 05:19:26'),
(1300, 671, 6, '2019-04-02 05:19:26'),
(1301, 672, 6, '2019-04-02 05:19:26'),
(1302, 673, 6, '2019-04-02 05:19:26'),
(1303, 674, 6, '2019-04-02 05:19:26'),
(1304, 675, 6, '2019-04-02 05:19:27'),
(1305, 676, 6, '2019-04-02 05:19:27'),
(1306, 677, 6, '2019-04-02 05:19:27'),
(1307, 678, 6, '2019-04-02 05:19:27'),
(1308, 679, 6, '2019-04-02 05:19:27'),
(1309, 680, 6, '2019-04-02 05:19:27'),
(1310, 681, 6, '2019-04-02 05:19:27'),
(1311, 682, 6, '2019-04-02 05:19:27'),
(1312, 683, 6, '2019-04-02 05:19:28'),
(1313, 684, 6, '2019-04-02 05:19:28'),
(1314, 685, 6, '2019-04-02 05:19:28'),
(1315, 686, 6, '2019-04-02 05:19:28'),
(1316, 687, 6, '2019-04-02 05:19:28'),
(1317, 688, 6, '2019-04-02 05:19:28'),
(1318, 689, 6, '2019-04-02 05:19:28'),
(1319, 690, 6, '2019-04-02 05:19:28'),
(1320, 691, 6, '2019-04-02 05:19:29'),
(1321, 692, 6, '2019-04-02 05:19:29'),
(1322, 693, 6, '2019-04-02 05:19:29'),
(1323, 694, 6, '2019-04-02 05:19:29'),
(1324, 695, 6, '2019-04-02 05:19:29'),
(1325, 696, 6, '2019-04-02 05:19:29'),
(1326, 697, 6, '2019-04-02 05:19:29'),
(1327, 698, 6, '2019-04-02 05:19:29'),
(1328, 699, 6, '2019-04-02 05:19:30');

-- --------------------------------------------------------

--
-- Table structure for table `as_nominal_khusus`
--

CREATE TABLE `as_nominal_khusus` (
  `id` int(255) NOT NULL,
  `id_mhs` int(255) NOT NULL,
  `tipe_transaksi` int(10) NOT NULL,
  `nominal` bigint(255) NOT NULL,
  `beasiswa` tinyint(1) NOT NULL,
  `timestamp` timestamp NOT NULL DEFAULT CURRENT_TIMESTAMP ON UPDATE CURRENT_TIMESTAMP
) ENGINE=InnoDB DEFAULT CHARSET=latin1;

-- --------------------------------------------------------

--
-- Table structure for table `ms_golongan`
--

CREATE TABLE `ms_golongan` (
  `id` int(255) NOT NULL,
  `kode_golongan` varchar(255) NOT NULL,
  `angkatan` int(5) NOT NULL,
  `timestamp` timestamp NOT NULL DEFAULT CURRENT_TIMESTAMP ON UPDATE CURRENT_TIMESTAMP
) ENGINE=InnoDB DEFAULT CHARSET=latin1;

--
-- Dumping data for table `ms_golongan`
--

INSERT INTO `ms_golongan` (`id`, `kode_golongan`, `angkatan`, `timestamp`) VALUES
(6, 'Reguler2 16/17', 2016, '2019-04-02 05:08:54');

-- --------------------------------------------------------

--
-- Table structure for table `ms_mhs`
--

CREATE TABLE `ms_mhs` (
  `id` int(255) NOT NULL,
  `nama` varchar(255) NOT NULL,
  `nim` varchar(255) NOT NULL,
  `angkatan` int(5) NOT NULL,
  `prodi` varchar(255) NOT NULL,
  `jurusan` varchar(255) NOT NULL,
  `fakultas` varchar(255) NOT NULL,
  `aux` text NOT NULL,
  `timestamp` timestamp NOT NULL DEFAULT CURRENT_TIMESTAMP ON UPDATE CURRENT_TIMESTAMP
) ENGINE=InnoDB DEFAULT CHARSET=latin1;

--
-- Dumping data for table `ms_mhs`
--

INSERT INTO `ms_mhs` (`id`, `nama`, `nim`, `angkatan`, `prodi`, `jurusan`, `fakultas`, `aux`, `timestamp`) VALUES
(1, 'ABDULLAH NURDIN', '1016006461', 2016, 'TEKNIK KONSTRUKSI KAYU', 'SMK Negeri 1 Cibinong', '-', 'Imported 4/2/2019', '2019-04-02 05:14:56'),
(2, 'ACHMAD JATI GUMILAR', '1016006462', 2016, 'TEKNIK KONSTRUKSI KAYU', 'SMK Negeri 1 Cibinong', '-', 'Imported 4/2/2019', '2019-04-02 05:14:56'),
(3, 'ADAM FADILAH', '1016006463', 2016, 'TEKNIK KONSTRUKSI KAYU', 'SMK Negeri 1 Cibinong', '-', 'Imported 4/2/2019', '2019-04-02 05:14:56'),
(4, 'Achmad Damardjati', '1016006464', 2016, 'TEKNIK KONSTRUKSI KAYU', 'SMK Negeri 1 Cibinong', '-', 'Imported 4/2/2019', '2019-04-02 05:14:56'),
(5, 'ALFIAN BAYU PRASETYA', '1016006465', 2016, 'TEKNIK KONSTRUKSI KAYU', 'SMK Negeri 1 Cibinong', '-', 'Imported 4/2/2019', '2019-04-02 05:14:56'),
(6, 'Andika Julyana', '1016006466', 2016, 'TEKNIK KONSTRUKSI KAYU', 'SMK Negeri 1 Cibinong', '-', 'Imported 4/2/2019', '2019-04-02 05:14:57'),
(7, 'Arif Fauzi Jasminto', '1016006467', 2016, 'TEKNIK KONSTRUKSI KAYU', 'SMK Negeri 1 Cibinong', '-', 'Imported 4/2/2019', '2019-04-02 05:14:57'),
(8, 'Azhar Aswatdinata', '1016006468', 2016, 'TEKNIK KONSTRUKSI KAYU', 'SMK Negeri 1 Cibinong', '-', 'Imported 4/2/2019', '2019-04-02 05:14:57'),
(9, 'Buana Fajar Rana', '1016006469', 2016, 'TEKNIK KONSTRUKSI KAYU', 'SMK Negeri 1 Cibinong', '-', 'Imported 4/2/2019', '2019-04-02 05:14:57'),
(10, 'DANU MUHAMAD NUR', '1016006471', 2016, 'TEKNIK KONSTRUKSI KAYU', 'SMK Negeri 1 Cibinong', '-', 'Imported 4/2/2019', '2019-04-02 05:14:57'),
(11, 'Leksmono YudoPrakoso', '1016006472', 2016, 'TEKNIK KONSTRUKSI KAYU', 'SMK Negeri 1 Cibinong', '-', 'Imported 4/2/2019', '2019-04-02 05:14:57'),
(12, 'Lifa Raudhatul Jannah', '1016006473', 2016, 'TEKNIK KONSTRUKSI KAYU', 'SMK Negeri 1 Cibinong', '-', 'Imported 4/2/2019', '2019-04-02 05:14:57'),
(13, 'M.Fahrijal Anwar', '1016006474', 2016, 'TEKNIK KONSTRUKSI KAYU', 'SMK Negeri 1 Cibinong', '-', 'Imported 4/2/2019', '2019-04-02 05:14:57'),
(14, 'MARCIANO DWIKI PUTRA', '1016006475', 2016, 'TEKNIK KONSTRUKSI KAYU', 'SMK Negeri 1 Cibinong', '-', 'Imported 4/2/2019', '2019-04-02 05:14:57'),
(15, 'Maulana Febri Yananto', '1016006476', 2016, 'TEKNIK KONSTRUKSI KAYU', 'SMK Negeri 1 Cibinong', '-', 'Imported 4/2/2019', '2019-04-02 05:14:57'),
(16, 'MAULANA SYAYID SOFYAN', '1016006477', 2016, 'TEKNIK KONSTRUKSI KAYU', 'SMK Negeri 1 Cibinong', '-', 'Imported 4/2/2019', '2019-04-02 05:14:57'),
(17, 'Muhammad Abyan Putra A', '1016006478', 2016, 'TEKNIK KONSTRUKSI KAYU', 'SMK Negeri 1 Cibinong', '-', 'Imported 4/2/2019', '2019-04-02 05:14:58'),
(18, 'Muhammad Raihan Aulia', '1016006480', 2016, 'TEKNIK KONSTRUKSI KAYU', 'SMK Negeri 1 Cibinong', '-', 'Imported 4/2/2019', '2019-04-02 05:14:58'),
(19, 'Muhammad Sahir', '1016006481', 2016, 'TEKNIK KONSTRUKSI KAYU', 'SMK Negeri 1 Cibinong', '-', 'Imported 4/2/2019', '2019-04-02 05:14:58'),
(20, 'MUHAMMAD SYARIF HIDAYATULLOH ', '1016006482', 2016, 'TEKNIK KONSTRUKSI KAYU', 'SMK Negeri 1 Cibinong', '-', 'Imported 4/2/2019', '2019-04-02 05:14:58'),
(21, 'MUMTAZ AL MAHARI', '1016006483', 2016, 'TEKNIK KONSTRUKSI KAYU', 'SMK Negeri 1 Cibinong', '-', 'Imported 4/2/2019', '2019-04-02 05:14:58'),
(22, 'Nadira Mulia Iasya', '1016006484', 2016, 'TEKNIK KONSTRUKSI KAYU', 'SMK Negeri 1 Cibinong', '-', 'Imported 4/2/2019', '2019-04-02 05:14:58'),
(23, 'Prianggoro Banu Islam ', '1016006486', 2016, 'TEKNIK KONSTRUKSI KAYU', 'SMK Negeri 1 Cibinong', '-', 'Imported 4/2/2019', '2019-04-02 05:14:58'),
(24, 'RAMADIKA SYAHPUTRA', '1016006487', 2016, 'TEKNIK KONSTRUKSI KAYU', 'SMK Negeri 1 Cibinong', '-', 'Imported 4/2/2019', '2019-04-02 05:14:58'),
(25, 'Riki Natanael Ramadan', '1016006488', 2016, 'TEKNIK KONSTRUKSI KAYU', 'SMK Negeri 1 Cibinong', '-', 'Imported 4/2/2019', '2019-04-02 05:14:58'),
(26, 'Risky Fajar Wicaksono', '1016006489', 2016, 'TEKNIK KONSTRUKSI KAYU', 'SMK Negeri 1 Cibinong', '-', 'Imported 4/2/2019', '2019-04-02 05:14:58'),
(27, 'RUDOLF HASAN WALDEMAR', '1016006491', 2016, 'TEKNIK KONSTRUKSI KAYU', 'SMK Negeri 1 Cibinong', '-', 'Imported 4/2/2019', '2019-04-02 05:14:58'),
(28, 'Safira Fatma Salsabila', '1016006492', 2016, 'TEKNIK KONSTRUKSI KAYU', 'SMK Negeri 1 Cibinong', '-', 'Imported 4/2/2019', '2019-04-02 05:14:59'),
(29, 'Shalsyabila Aura Islamy', '1016006493', 2016, 'TEKNIK KONSTRUKSI KAYU', 'SMK Negeri 1 Cibinong', '-', 'Imported 4/2/2019', '2019-04-02 05:14:59'),
(30, 'SULAEMAN', '1016006494', 2016, 'TEKNIK KONSTRUKSI KAYU', 'SMK Negeri 1 Cibinong', '-', 'Imported 4/2/2019', '2019-04-02 05:14:59'),
(31, 'ALPHIN KURNIAWAN', '1016006495', 2016, 'TEKNIK KONSTRUKSI KAYU', 'SMK Negeri 1 Cibinong', '-', 'Imported 4/2/2019', '2019-04-02 05:14:59'),
(32, 'Alvian Rizky Fajar Anggara', '1016006496', 2016, 'TEKNIK KONSTRUKSI KAYU', 'SMK Negeri 1 Cibinong', '-', 'Imported 4/2/2019', '2019-04-02 05:14:59'),
(33, 'ARIO FAHRIE FERDIAN', '1016006497', 2016, 'TEKNIK KONSTRUKSI KAYU', 'SMK Negeri 1 Cibinong', '-', 'Imported 4/2/2019', '2019-04-02 05:14:59'),
(34, 'Benny Wibowo', '1016006498', 2016, 'TEKNIK KONSTRUKSI KAYU', 'SMK Negeri 1 Cibinong', '-', 'Imported 4/2/2019', '2019-04-02 05:14:59'),
(35, 'Chaeka Fitria Ramadhania Akbar ', '1016006499', 2016, 'TEKNIK KONSTRUKSI KAYU', 'SMK Negeri 1 Cibinong', '-', 'Imported 4/2/2019', '2019-04-02 05:14:59'),
(36, 'Chika Aulia', '1016006500', 2016, 'TEKNIK KONSTRUKSI KAYU', 'SMK Negeri 1 Cibinong', '-', 'Imported 4/2/2019', '2019-04-02 05:14:59'),
(37, 'Dandi Septian Nugraha', '1016006501', 2016, 'TEKNIK KONSTRUKSI KAYU', 'SMK Negeri 1 Cibinong', '-', 'Imported 4/2/2019', '2019-04-02 05:14:59'),
(38, 'DAVID FAJAR AL AKBAR', '1016006502', 2016, 'TEKNIK KONSTRUKSI KAYU', 'SMK Negeri 1 Cibinong', '-', 'Imported 4/2/2019', '2019-04-02 05:14:59'),
(39, 'Deni Solahudin', '1016006503', 2016, 'TEKNIK KONSTRUKSI KAYU', 'SMK Negeri 1 Cibinong', '-', 'Imported 4/2/2019', '2019-04-02 05:15:00'),
(40, 'Dimas Agung Candra Ramdhani', '1016006504', 2016, 'TEKNIK KONSTRUKSI KAYU', 'SMK Negeri 1 Cibinong', '-', 'Imported 4/2/2019', '2019-04-02 05:15:00'),
(41, 'Fitri Aning Ayua Dwi Ardila ', '1016006505', 2016, 'TEKNIK KONSTRUKSI KAYU', 'SMK Negeri 1 Cibinong', '-', 'Imported 4/2/2019', '2019-04-02 05:15:00'),
(42, 'Helvy Emanda Zikri', '1016006506', 2016, 'TEKNIK KONSTRUKSI KAYU', 'SMK Negeri 1 Cibinong', '-', 'Imported 4/2/2019', '2019-04-02 05:15:00'),
(43, 'ILHAM', '1016006507', 2016, 'TEKNIK KONSTRUKSI KAYU', 'SMK Negeri 1 Cibinong', '-', 'Imported 4/2/2019', '2019-04-02 05:15:00'),
(44, 'Ivan Oktaviansyah', '1016006508', 2016, 'TEKNIK KONSTRUKSI KAYU', 'SMK Negeri 1 Cibinong', '-', 'Imported 4/2/2019', '2019-04-02 05:15:00'),
(45, 'Khairunnisa Aqiilah', '1016006509', 2016, 'TEKNIK KONSTRUKSI KAYU', 'SMK Negeri 1 Cibinong', '-', 'Imported 4/2/2019', '2019-04-02 05:15:00'),
(46, 'Lynda Kirani', '1016006510', 2016, 'TEKNIK KONSTRUKSI KAYU', 'SMK Negeri 1 Cibinong', '-', 'Imported 4/2/2019', '2019-04-02 05:15:00'),
(47, 'MAULIA RAHMADINI ', '1016006511', 2016, 'TEKNIK KONSTRUKSI KAYU', 'SMK Negeri 1 Cibinong', '-', 'Imported 4/2/2019', '2019-04-02 05:15:00'),
(48, 'Mohammad Solahudin', '1016006512', 2016, 'TEKNIK KONSTRUKSI KAYU', 'SMK Negeri 1 Cibinong', '-', 'Imported 4/2/2019', '2019-04-02 05:15:00'),
(49, 'MUHAMMAD FARHAN ', '1016006514', 2016, 'TEKNIK KONSTRUKSI KAYU', 'SMK Negeri 1 Cibinong', '-', 'Imported 4/2/2019', '2019-04-02 05:15:00'),
(50, 'Muhammad Ferialdi Fahlevi', '1016006515', 2016, 'TEKNIK KONSTRUKSI KAYU', 'SMK Negeri 1 Cibinong', '-', 'Imported 4/2/2019', '2019-04-02 05:15:01'),
(51, 'Muhammad Rafi Zainul', '1016006516', 2016, 'TEKNIK KONSTRUKSI KAYU', 'SMK Negeri 1 Cibinong', '-', 'Imported 4/2/2019', '2019-04-02 05:15:01'),
(52, 'Muhammad Razieb Fadillah', '1016006517', 2016, 'TEKNIK KONSTRUKSI KAYU', 'SMK Negeri 1 Cibinong', '-', 'Imported 4/2/2019', '2019-04-02 05:15:01'),
(53, 'Muhammad Yusuf Ramadhan', '1016006518', 2016, 'TEKNIK KONSTRUKSI KAYU', 'SMK Negeri 1 Cibinong', '-', 'Imported 4/2/2019', '2019-04-02 05:15:01'),
(54, 'Nurul Amri Syahlati', '1016006519', 2016, 'TEKNIK KONSTRUKSI KAYU', 'SMK Negeri 1 Cibinong', '-', 'Imported 4/2/2019', '2019-04-02 05:15:01'),
(55, 'PUTRI NADYA ADZKA', '1016006520', 2016, 'TEKNIK KONSTRUKSI KAYU', 'SMK Negeri 1 Cibinong', '-', 'Imported 4/2/2019', '2019-04-02 05:15:01'),
(56, 'RABBY MAULIDA PUTRA', '1016006521', 2016, 'TEKNIK KONSTRUKSI KAYU', 'SMK Negeri 1 Cibinong', '-', 'Imported 4/2/2019', '2019-04-02 05:15:01'),
(57, 'Rama Aditiya', '1016006522', 2016, 'TEKNIK KONSTRUKSI KAYU', 'SMK Negeri 1 Cibinong', '-', 'Imported 4/2/2019', '2019-04-02 05:15:01'),
(58, 'Reza Tirta Dermawan', '1016006523', 2016, 'TEKNIK KONSTRUKSI KAYU', 'SMK Negeri 1 Cibinong', '-', 'Imported 4/2/2019', '2019-04-02 05:15:01'),
(59, 'RIFQY NUR RAHMAN', '1016006524', 2016, 'TEKNIK KONSTRUKSI KAYU', 'SMK Negeri 1 Cibinong', '-', 'Imported 4/2/2019', '2019-04-02 05:15:01'),
(60, 'RULI ABDUL HADI', '1016006525', 2016, 'TEKNIK KONSTRUKSI KAYU', 'SMK Negeri 1 Cibinong', '-', 'Imported 4/2/2019', '2019-04-02 05:15:01'),
(61, 'Shodiqul Akbar', '1016006526', 2016, 'TEKNIK KONSTRUKSI KAYU', 'SMK Negeri 1 Cibinong', '-', 'Imported 4/2/2019', '2019-04-02 05:15:01'),
(62, 'Sri Yaumi', '1016006527', 2016, 'TEKNIK KONSTRUKSI KAYU', 'SMK Negeri 1 Cibinong', '-', 'Imported 4/2/2019', '2019-04-02 05:15:02'),
(63, 'SURYA NUR PERMADI', '1016006528', 2016, 'TEKNIK KONSTRUKSI KAYU', 'SMK Negeri 1 Cibinong', '-', 'Imported 4/2/2019', '2019-04-02 05:15:02'),
(64, 'Tunas Muda Juan Pablo S', '1016006529', 2016, 'TEKNIK KONSTRUKSI KAYU', 'SMK Negeri 1 Cibinong', '-', 'Imported 4/2/2019', '2019-04-02 05:15:02'),
(65, 'ADITYA INDRA CAHYA', '1016006389', 2016, 'TEKNIK GAMBAR BANGUNAN', 'SMK Negeri 1 Cibinong', '-', 'Imported 4/2/2019', '2019-04-02 05:15:02'),
(66, 'Aimee Athalia Bernice Saputra', '1016006390', 2016, 'TEKNIK GAMBAR BANGUNAN', 'SMK Negeri 1 Cibinong', '-', 'Imported 4/2/2019', '2019-04-02 05:15:02'),
(67, 'Anggieta Faradila', '1016006391', 2016, 'TEKNIK GAMBAR BANGUNAN', 'SMK Negeri 1 Cibinong', '-', 'Imported 4/2/2019', '2019-04-02 05:15:02'),
(68, 'AULIA SARI MADANAGI', '1016006392', 2016, 'TEKNIK GAMBAR BANGUNAN', 'SMK Negeri 1 Cibinong', '-', 'Imported 4/2/2019', '2019-04-02 05:15:02'),
(69, 'CANDRA SURYA LESMANA', '1016006393', 2016, 'TEKNIK GAMBAR BANGUNAN', 'SMK Negeri 1 Cibinong', '-', 'Imported 4/2/2019', '2019-04-02 05:15:02'),
(70, 'DICKY HANADHEA ROMANDHON', '1016006394', 2016, 'TEKNIK GAMBAR BANGUNAN', 'SMK Negeri 1 Cibinong', '-', 'Imported 4/2/2019', '2019-04-02 05:15:02'),
(71, 'Dzulfa Anita Royan', '1016006395', 2016, 'TEKNIK GAMBAR BANGUNAN', 'SMK Negeri 1 Cibinong', '-', 'Imported 4/2/2019', '2019-04-02 05:15:02'),
(72, 'FAHMI LOGAN RAWOE', '1016006396', 2016, 'TEKNIK GAMBAR BANGUNAN', 'SMK Negeri 1 Cibinong', '-', 'Imported 4/2/2019', '2019-04-02 05:15:02'),
(73, 'Fahrul Ardiansyah', '1016006397', 2016, 'TEKNIK GAMBAR BANGUNAN', 'SMK Negeri 1 Cibinong', '-', 'Imported 4/2/2019', '2019-04-02 05:15:03'),
(74, 'Fajrian Anggara Putra', '1016006398', 2016, 'TEKNIK GAMBAR BANGUNAN', 'SMK Negeri 1 Cibinong', '-', 'Imported 4/2/2019', '2019-04-02 05:15:03'),
(75, 'FAWWAZ FERDIAN', '1016006399', 2016, 'TEKNIK GAMBAR BANGUNAN', 'SMK Negeri 1 Cibinong', '-', 'Imported 4/2/2019', '2019-04-02 05:15:03'),
(76, 'FIRJATUTSANY LINTANG ASRI', '1016006400', 2016, 'TEKNIK GAMBAR BANGUNAN', 'SMK Negeri 1 Cibinong', '-', 'Imported 4/2/2019', '2019-04-02 05:15:03'),
(77, 'Frisca Sherllyani Putri', '1016006401', 2016, 'TEKNIK GAMBAR BANGUNAN', 'SMK Negeri 1 Cibinong', '-', 'Imported 4/2/2019', '2019-04-02 05:15:03'),
(78, 'Galih Prasetyo', '1016006402', 2016, 'TEKNIK GAMBAR BANGUNAN', 'SMK Negeri 1 Cibinong', '-', 'Imported 4/2/2019', '2019-04-02 05:15:03'),
(79, 'Iqbal Satrio Ihksan Almana', '1016006403', 2016, 'TEKNIK GAMBAR BANGUNAN', 'SMK Negeri 1 Cibinong', '-', 'Imported 4/2/2019', '2019-04-02 05:15:03'),
(80, 'MAURA DWI AMALIA', '1016006404', 2016, 'TEKNIK GAMBAR BANGUNAN', 'SMK Negeri 1 Cibinong', '-', 'Imported 4/2/2019', '2019-04-02 05:15:03'),
(81, 'MUHAMAD ILYAS', '1016006405', 2016, 'TEKNIK GAMBAR BANGUNAN', 'SMK Negeri 1 Cibinong', '-', 'Imported 4/2/2019', '2019-04-02 05:15:03'),
(82, 'MUHAMMAD ADAM RIZQI ALI', '1016006406', 2016, 'TEKNIK GAMBAR BANGUNAN', 'SMK Negeri 1 Cibinong', '-', 'Imported 4/2/2019', '2019-04-02 05:15:03'),
(83, 'Muhammad Dimas Elvin Putra', '1016006407', 2016, 'TEKNIK GAMBAR BANGUNAN', 'SMK Negeri 1 Cibinong', '-', 'Imported 4/2/2019', '2019-04-02 05:15:04'),
(84, 'Muhammad Ghofur', '1016006408', 2016, 'TEKNIK GAMBAR BANGUNAN', 'SMK Negeri 1 Cibinong', '-', 'Imported 4/2/2019', '2019-04-02 05:15:04'),
(85, 'Muhammad Umar Izzuddin', '1016006409', 2016, 'TEKNIK GAMBAR BANGUNAN', 'SMK Negeri 1 Cibinong', '-', 'Imported 4/2/2019', '2019-04-02 05:15:04'),
(86, 'MULYADI SEPTIANA PUTRA', '1016006410', 2016, 'TEKNIK GAMBAR BANGUNAN', 'SMK Negeri 1 Cibinong', '-', 'Imported 4/2/2019', '2019-04-02 05:15:04'),
(87, 'NABILA MEIDIA RAHMI', '1016006411', 2016, 'TEKNIK GAMBAR BANGUNAN', 'SMK Negeri 1 Cibinong', '-', 'Imported 4/2/2019', '2019-04-02 05:15:04'),
(88, 'NAUFAL ABIYYU RAHMAN', '1016006412', 2016, 'TEKNIK GAMBAR BANGUNAN', 'SMK Negeri 1 Cibinong', '-', 'Imported 4/2/2019', '2019-04-02 05:15:04'),
(89, 'Putri Priska Priatna', '1016006413', 2016, 'TEKNIK GAMBAR BANGUNAN', 'SMK Negeri 1 Cibinong', '-', 'Imported 4/2/2019', '2019-04-02 05:15:04'),
(90, 'Raihan Akmal', '1016006414', 2016, 'TEKNIK GAMBAR BANGUNAN', 'SMK Negeri 1 Cibinong', '-', 'Imported 4/2/2019', '2019-04-02 05:15:04'),
(91, 'Raka Widya Salsabila', '1016006415', 2016, 'TEKNIK GAMBAR BANGUNAN', 'SMK Negeri 1 Cibinong', '-', 'Imported 4/2/2019', '2019-04-02 05:15:04'),
(92, 'Ridho Afrianto', '1016006416', 2016, 'TEKNIK GAMBAR BANGUNAN', 'SMK Negeri 1 Cibinong', '-', 'Imported 4/2/2019', '2019-04-02 05:15:04'),
(93, 'Rina Rosdiani', '1016006417', 2016, 'TEKNIK GAMBAR BANGUNAN', 'SMK Negeri 1 Cibinong', '-', 'Imported 4/2/2019', '2019-04-02 05:15:04'),
(94, 'RISTIYA HIDAYATULLAH', '1016006418', 2016, 'TEKNIK GAMBAR BANGUNAN', 'SMK Negeri 1 Cibinong', '-', 'Imported 4/2/2019', '2019-04-02 05:15:05'),
(95, 'Sabrina Lintang Kirana', '1016006419', 2016, 'TEKNIK GAMBAR BANGUNAN', 'SMK Negeri 1 Cibinong', '-', 'Imported 4/2/2019', '2019-04-02 05:15:05'),
(96, 'SARAH NURUL SHAFIYYAH', '1016006420', 2016, 'TEKNIK GAMBAR BANGUNAN', 'SMK Negeri 1 Cibinong', '-', 'Imported 4/2/2019', '2019-04-02 05:15:05'),
(97, 'Syahda Annisa Ramadhani', '1016006421', 2016, 'TEKNIK GAMBAR BANGUNAN', 'SMK Negeri 1 Cibinong', '-', 'Imported 4/2/2019', '2019-04-02 05:15:05'),
(98, 'UTIN INDAH PERMATASARI', '1016006422', 2016, 'TEKNIK GAMBAR BANGUNAN', 'SMK Negeri 1 Cibinong', '-', 'Imported 4/2/2019', '2019-04-02 05:15:05'),
(99, 'WAHYU SAPUTRO', '1016006423', 2016, 'TEKNIK GAMBAR BANGUNAN', 'SMK Negeri 1 Cibinong', '-', 'Imported 4/2/2019', '2019-04-02 05:15:05'),
(100, 'Wahyu Setiawan ', '1016006424', 2016, 'TEKNIK GAMBAR BANGUNAN', 'SMK Negeri 1 Cibinong', '-', 'Imported 4/2/2019', '2019-04-02 05:15:05'),
(101, 'Ahmad Fauzi ', '1016006425', 2016, 'TEKNIK GAMBAR BANGUNAN', 'SMK Negeri 1 Cibinong', '-', 'Imported 4/2/2019', '2019-04-02 05:15:05'),
(102, 'ALFIAN KUSUMA JATI', '1016006426', 2016, 'TEKNIK GAMBAR BANGUNAN', 'SMK Negeri 1 Cibinong', '-', 'Imported 4/2/2019', '2019-04-02 05:15:05'),
(103, 'Anil Hakim', '1016006427', 2016, 'TEKNIK GAMBAR BANGUNAN', 'SMK Negeri 1 Cibinong', '-', 'Imported 4/2/2019', '2019-04-02 05:15:05'),
(104, 'ARDIANSYAH', '1016006428', 2016, 'TEKNIK GAMBAR BANGUNAN', 'SMK Negeri 1 Cibinong', '-', 'Imported 4/2/2019', '2019-04-02 05:15:05'),
(105, 'ARYA PUTRA WIJAYA', '1016006429', 2016, 'TEKNIK GAMBAR BANGUNAN', 'SMK Negeri 1 Cibinong', '-', 'Imported 4/2/2019', '2019-04-02 05:15:06'),
(106, 'DANIELA SHAFWAH', '1016006430', 2016, 'TEKNIK GAMBAR BANGUNAN', 'SMK Negeri 1 Cibinong', '-', 'Imported 4/2/2019', '2019-04-02 05:15:06'),
(107, 'Ergi Bintang Nur Epriliany', '1016006431', 2016, 'TEKNIK GAMBAR BANGUNAN', 'SMK Negeri 1 Cibinong', '-', 'Imported 4/2/2019', '2019-04-02 05:15:06'),
(108, 'EVINA DEBY IRAWAN', '1016006432', 2016, 'TEKNIK GAMBAR BANGUNAN', 'SMK Negeri 1 Cibinong', '-', 'Imported 4/2/2019', '2019-04-02 05:15:06'),
(109, 'Fairuz Saniyah Febriani', '1016006433', 2016, 'TEKNIK GAMBAR BANGUNAN', 'SMK Negeri 1 Cibinong', '-', 'Imported 4/2/2019', '2019-04-02 05:15:06'),
(110, 'Fajar Anwari', '1016006434', 2016, 'TEKNIK GAMBAR BANGUNAN', 'SMK Negeri 1 Cibinong', '-', 'Imported 4/2/2019', '2019-04-02 05:15:06'),
(111, 'Fereshte Zahara Chaniago', '1016006435', 2016, 'TEKNIK GAMBAR BANGUNAN', 'SMK Negeri 1 Cibinong', '-', 'Imported 4/2/2019', '2019-04-02 05:15:06'),
(112, 'GADING MAULANA HARMANTO', '1016006436', 2016, 'TEKNIK GAMBAR BANGUNAN', 'SMK Negeri 1 Cibinong', '-', 'Imported 4/2/2019', '2019-04-02 05:15:06'),
(113, 'Hafidz Tafridzi', '1016006437', 2016, 'TEKNIK GAMBAR BANGUNAN', 'SMK Negeri 1 Cibinong', '-', 'Imported 4/2/2019', '2019-04-02 05:15:06'),
(114, 'KHOIRUL RIZKI', '1016006438', 2016, 'TEKNIK GAMBAR BANGUNAN', 'SMK Negeri 1 Cibinong', '-', 'Imported 4/2/2019', '2019-04-02 05:15:06'),
(115, 'Lingga Putra Alfandi', '1016006439', 2016, 'TEKNIK GAMBAR BANGUNAN', 'SMK Negeri 1 Cibinong', '-', 'Imported 4/2/2019', '2019-04-02 05:15:06'),
(116, 'M. Rizky Ramadhani', '1016006440', 2016, 'TEKNIK GAMBAR BANGUNAN', 'SMK Negeri 1 Cibinong', '-', 'Imported 4/2/2019', '2019-04-02 05:15:07'),
(117, 'MOCHAMAD FERIAL AL-FAZAL', '1016006441', 2016, 'TEKNIK GAMBAR BANGUNAN', 'SMK Negeri 1 Cibinong', '-', 'Imported 4/2/2019', '2019-04-02 05:15:07'),
(118, 'MOCHAMAD RIZKI FALAH ', '1016006442', 2016, 'TEKNIK GAMBAR BANGUNAN', 'SMK Negeri 1 Cibinong', '-', 'Imported 4/2/2019', '2019-04-02 05:15:07'),
(119, 'MOHAMMAT REZA SAPUTRA', '1016006443', 2016, 'TEKNIK GAMBAR BANGUNAN', 'SMK Negeri 1 Cibinong', '-', 'Imported 4/2/2019', '2019-04-02 05:15:07'),
(120, 'Muhamad Choirul Ikhsan', '1016006444', 2016, 'TEKNIK GAMBAR BANGUNAN', 'SMK Negeri 1 Cibinong', '-', 'Imported 4/2/2019', '2019-04-02 05:15:07'),
(121, 'Muhamad  Lefry Haekal', '1016006445', 2016, 'TEKNIK GAMBAR BANGUNAN', 'SMK Negeri 1 Cibinong', '-', 'Imported 4/2/2019', '2019-04-02 05:15:07'),
(122, 'Muhammad Angga Pratama', '1016006446', 2016, 'TEKNIK GAMBAR BANGUNAN', 'SMK Negeri 1 Cibinong', '-', 'Imported 4/2/2019', '2019-04-02 05:15:07'),
(123, 'Muhammad Hadi Ardiansyah', '1016006447', 2016, 'TEKNIK GAMBAR BANGUNAN', 'SMK Negeri 1 Cibinong', '-', 'Imported 4/2/2019', '2019-04-02 05:15:07'),
(124, 'NADHYA SAPTANINGRUM', '1016006448', 2016, 'TEKNIK GAMBAR BANGUNAN', 'SMK Negeri 1 Cibinong', '-', 'Imported 4/2/2019', '2019-04-02 05:15:07'),
(125, 'NOVENA ANDRE BRAMASTA', '1016006449', 2016, 'TEKNIK GAMBAR BANGUNAN', 'SMK Negeri 1 Cibinong', '-', 'Imported 4/2/2019', '2019-04-02 05:15:07'),
(126, 'Putri Maharani Puspa Kancana', '1016006450', 2016, 'TEKNIK GAMBAR BANGUNAN', 'SMK Negeri 1 Cibinong', '-', 'Imported 4/2/2019', '2019-04-02 05:15:07'),
(127, 'Rafi Dwiansyah', '1016006451', 2016, 'TEKNIK GAMBAR BANGUNAN', 'SMK Negeri 1 Cibinong', '-', 'Imported 4/2/2019', '2019-04-02 05:15:08'),
(128, 'Regina Aprilia Hermayanti', '1016006452', 2016, 'TEKNIK GAMBAR BANGUNAN', 'SMK Negeri 1 Cibinong', '-', 'Imported 4/2/2019', '2019-04-02 05:15:08'),
(129, 'Riana Laurentina', '1016006453', 2016, 'TEKNIK GAMBAR BANGUNAN', 'SMK Negeri 1 Cibinong', '-', 'Imported 4/2/2019', '2019-04-02 05:15:08'),
(130, 'Riri Aulia', '1016006454', 2016, 'TEKNIK GAMBAR BANGUNAN', 'SMK Negeri 1 Cibinong', '-', 'Imported 4/2/2019', '2019-04-02 05:15:08'),
(131, 'Salsabila Ayu Mahirah Koeswidayanto', '1016006455', 2016, 'TEKNIK GAMBAR BANGUNAN', 'SMK Negeri 1 Cibinong', '-', 'Imported 4/2/2019', '2019-04-02 05:15:08'),
(132, 'SIDIQ MUHTADI', '1016006456', 2016, 'TEKNIK GAMBAR BANGUNAN', 'SMK Negeri 1 Cibinong', '-', 'Imported 4/2/2019', '2019-04-02 05:15:08'),
(133, 'THORIQ AZIZ ALMADANI', '1016006457', 2016, 'TEKNIK GAMBAR BANGUNAN', 'SMK Negeri 1 Cibinong', '-', 'Imported 4/2/2019', '2019-04-02 05:15:08'),
(134, 'Wahyu Rafi Hadiriansyah', '1016006458', 2016, 'TEKNIK GAMBAR BANGUNAN', 'SMK Negeri 1 Cibinong', '-', 'Imported 4/2/2019', '2019-04-02 05:15:08'),
(135, 'Yuni Antika', '1016006459', 2016, 'TEKNIK GAMBAR BANGUNAN', 'SMK Negeri 1 Cibinong', '-', 'Imported 4/2/2019', '2019-04-02 05:15:08'),
(136, 'Yusril Lukmanul Hakim', '1016006460', 2016, 'TEKNIK GAMBAR BANGUNAN', 'SMK Negeri 1 Cibinong', '-', 'Imported 4/2/2019', '2019-04-02 05:15:08'),
(137, 'ABDI RIZKI PRATAMA', '1016006757', 2016, 'TEKNIK OTOMASI INDUSTRI', 'SMK Negeri 1 Cibinong', '-', 'Imported 4/2/2019', '2019-04-02 05:15:08'),
(138, 'ADITYA MORALIA', '1016006758', 2016, 'TEKNIK OTOMASI INDUSTRI', 'SMK Negeri 1 Cibinong', '-', 'Imported 4/2/2019', '2019-04-02 05:15:09'),
(139, 'Ahmad Dahlan', '1016006759', 2016, 'TEKNIK OTOMASI INDUSTRI', 'SMK Negeri 1 Cibinong', '-', 'Imported 4/2/2019', '2019-04-02 05:15:09'),
(140, 'Ajeng Permatasari', '1016006761', 2016, 'TEKNIK OTOMASI INDUSTRI', 'SMK Negeri 1 Cibinong', '-', 'Imported 4/2/2019', '2019-04-02 05:15:09'),
(141, 'AMAR KHOIRUDIN', '1016006762', 2016, 'TEKNIK OTOMASI INDUSTRI', 'SMK Negeri 1 Cibinong', '-', 'Imported 4/2/2019', '2019-04-02 05:15:09'),
(142, 'AZI THURHAMDANI', '1016006764', 2016, 'TEKNIK OTOMASI INDUSTRI', 'SMK Negeri 1 Cibinong', '-', 'Imported 4/2/2019', '2019-04-02 05:15:09'),
(143, 'Dony Dwi Nuryanto', '1016006765', 2016, 'TEKNIK OTOMASI INDUSTRI', 'SMK Negeri 1 Cibinong', '-', 'Imported 4/2/2019', '2019-04-02 05:15:09'),
(144, 'EDO FRANSISCO ANASTIAR', '1016006766', 2016, 'TEKNIK OTOMASI INDUSTRI', 'SMK Negeri 1 Cibinong', '-', 'Imported 4/2/2019', '2019-04-02 05:15:09'),
(145, 'Ferdy Lucky Nugraha', '1016006767', 2016, 'TEKNIK OTOMASI INDUSTRI', 'SMK Negeri 1 Cibinong', '-', 'Imported 4/2/2019', '2019-04-02 05:15:09'),
(146, 'FigoAtnaFathurrahman', '1016006768', 2016, 'TEKNIK OTOMASI INDUSTRI', 'SMK Negeri 1 Cibinong', '-', 'Imported 4/2/2019', '2019-04-02 05:15:10'),
(147, 'HANIFAH SUWARDI', '1016006769', 2016, 'TEKNIK OTOMASI INDUSTRI', 'SMK Negeri 1 Cibinong', '-', 'Imported 4/2/2019', '2019-04-02 05:15:10'),
(148, 'Hilmi Dafa', '1016006770', 2016, 'TEKNIK OTOMASI INDUSTRI', 'SMK Negeri 1 Cibinong', '-', 'Imported 4/2/2019', '2019-04-02 05:15:10'),
(149, 'IHSAN MAULANA', '1016006771', 2016, 'TEKNIK OTOMASI INDUSTRI', 'SMK Negeri 1 Cibinong', '-', 'Imported 4/2/2019', '2019-04-02 05:15:10'),
(150, 'Imam Herdiansyah R', '1016006772', 2016, 'TEKNIK OTOMASI INDUSTRI', 'SMK Negeri 1 Cibinong', '-', 'Imported 4/2/2019', '2019-04-02 05:15:10'),
(151, 'M. RIZQIE VIANDRAWAN', '1016006773', 2016, 'TEKNIK OTOMASI INDUSTRI', 'SMK Negeri 1 Cibinong', '-', 'Imported 4/2/2019', '2019-04-02 05:15:10'),
(152, 'MaXII Milianus Satria Padulang', '1016006774', 2016, 'TEKNIK OTOMASI INDUSTRI', 'SMK Negeri 1 Cibinong', '-', 'Imported 4/2/2019', '2019-04-02 05:15:10'),
(153, 'Mifta Nur Janah', '1016006775', 2016, 'TEKNIK OTOMASI INDUSTRI', 'SMK Negeri 1 Cibinong', '-', 'Imported 4/2/2019', '2019-04-02 05:15:10'),
(154, 'MOCHAMAD LUTHFIE FAUZY', '1016006776', 2016, 'TEKNIK OTOMASI INDUSTRI', 'SMK Negeri 1 Cibinong', '-', 'Imported 4/2/2019', '2019-04-02 05:15:10'),
(155, 'Mugni Abdul Kafi', '1016006777', 2016, 'TEKNIK OTOMASI INDUSTRI', 'SMK Negeri 1 Cibinong', '-', 'Imported 4/2/2019', '2019-04-02 05:15:10'),
(156, 'MUHAMAD RIZKI', '1016006778', 2016, 'TEKNIK OTOMASI INDUSTRI', 'SMK Negeri 1 Cibinong', '-', 'Imported 4/2/2019', '2019-04-02 05:15:10'),
(157, 'M.ATHUF', '1016006779', 2016, 'TEKNIK OTOMASI INDUSTRI', 'SMK Negeri 1 Cibinong', '-', 'Imported 4/2/2019', '2019-04-02 05:15:11'),
(158, 'Muhammad Fahrizal', '1016006780', 2016, 'TEKNIK OTOMASI INDUSTRI', 'SMK Negeri 1 Cibinong', '-', 'Imported 4/2/2019', '2019-04-02 05:15:11'),
(159, 'MUHAMMAD FAISAL NURRIZKY', '1016006781', 2016, 'TEKNIK OTOMASI INDUSTRI', 'SMK Negeri 1 Cibinong', '-', 'Imported 4/2/2019', '2019-04-02 05:15:11'),
(160, 'Muhammad Furqon', '1016006782', 2016, 'TEKNIK OTOMASI INDUSTRI', 'SMK Negeri 1 Cibinong', '-', 'Imported 4/2/2019', '2019-04-02 05:15:11'),
(161, 'Muhammad Ibnu Fahridho', '1016006783', 2016, 'TEKNIK OTOMASI INDUSTRI', 'SMK Negeri 1 Cibinong', '-', 'Imported 4/2/2019', '2019-04-02 05:15:11'),
(162, 'Muhammad Ihsan', '1016006784', 2016, 'TEKNIK OTOMASI INDUSTRI', 'SMK Negeri 1 Cibinong', '-', 'Imported 4/2/2019', '2019-04-02 05:15:11'),
(163, 'MUHAMMAD RAFA ALFAZRY', '1016006785', 2016, 'TEKNIK OTOMASI INDUSTRI', 'SMK Negeri 1 Cibinong', '-', 'Imported 4/2/2019', '2019-04-02 05:15:11'),
(164, 'Raden Fauzan Raka Perkusi', '1016006786', 2016, 'TEKNIK OTOMASI INDUSTRI', 'SMK Negeri 1 Cibinong', '-', 'Imported 4/2/2019', '2019-04-02 05:15:11'),
(165, 'RIANA LUSYANI PUTRI ', '1016006787', 2016, 'TEKNIK OTOMASI INDUSTRI', 'SMK Negeri 1 Cibinong', '-', 'Imported 4/2/2019', '2019-04-02 05:15:11'),
(166, 'SHADIN RESI IRASTIAWAN', '1016006788', 2016, 'TEKNIK OTOMASI INDUSTRI', 'SMK Negeri 1 Cibinong', '-', 'Imported 4/2/2019', '2019-04-02 05:15:11'),
(167, 'Siesta Dyah Pratiwi', '1016006789', 2016, 'TEKNIK OTOMASI INDUSTRI', 'SMK Negeri 1 Cibinong', '-', 'Imported 4/2/2019', '2019-04-02 05:15:11'),
(168, 'TEDI RENALDINATA', '1016006790', 2016, 'TEKNIK OTOMASI INDUSTRI', 'SMK Negeri 1 Cibinong', '-', 'Imported 4/2/2019', '2019-04-02 05:15:12'),
(169, 'TUBAGUS AKBAR', '1016006791', 2016, 'TEKNIK OTOMASI INDUSTRI', 'SMK Negeri 1 Cibinong', '-', 'Imported 4/2/2019', '2019-04-02 05:15:12'),
(170, 'Wisnu Arya Pangestu', '1016006792', 2016, 'TEKNIK OTOMASI INDUSTRI', 'SMK Negeri 1 Cibinong', '-', 'Imported 4/2/2019', '2019-04-02 05:15:12'),
(171, 'ABIYOGA SABILLY ', '1016006793', 2016, 'TEKNIK OTOMASI INDUSTRI', 'SMK Negeri 1 Cibinong', '-', 'Imported 4/2/2019', '2019-04-02 05:15:12'),
(172, 'Agung Wira Atmaja Kusumah', '1016006794', 2016, 'TEKNIK OTOMASI INDUSTRI', 'SMK Negeri 1 Cibinong', '-', 'Imported 4/2/2019', '2019-04-02 05:15:12'),
(173, 'Agus Saputra', '1016006795', 2016, 'TEKNIK OTOMASI INDUSTRI', 'SMK Negeri 1 Cibinong', '-', 'Imported 4/2/2019', '2019-04-02 05:15:12'),
(174, 'AHMAD RIFAI', '1016006796', 2016, 'TEKNIK OTOMASI INDUSTRI', 'SMK Negeri 1 Cibinong', '-', 'Imported 4/2/2019', '2019-04-02 05:15:12'),
(175, 'Arie Firmansyah', '1016006797', 2016, 'TEKNIK OTOMASI INDUSTRI', 'SMK Negeri 1 Cibinong', '-', 'Imported 4/2/2019', '2019-04-02 05:15:12'),
(176, 'BAGAS EKO WICAKSONO', '1016006798', 2016, 'TEKNIK OTOMASI INDUSTRI', 'SMK Negeri 1 Cibinong', '-', 'Imported 4/2/2019', '2019-04-02 05:15:12'),
(177, 'BAYU FAVIAN AL ZACKY', '1016006800', 2016, 'TEKNIK OTOMASI INDUSTRI', 'SMK Negeri 1 Cibinong', '-', 'Imported 4/2/2019', '2019-04-02 05:15:12'),
(178, 'Ernando Muhammad', '1016006801', 2016, 'TEKNIK OTOMASI INDUSTRI', 'SMK Negeri 1 Cibinong', '-', 'Imported 4/2/2019', '2019-04-02 05:15:13'),
(179, 'FAHRI FADZILAH', '1016006803', 2016, 'TEKNIK OTOMASI INDUSTRI', 'SMK Negeri 1 Cibinong', '-', 'Imported 4/2/2019', '2019-04-02 05:15:13'),
(180, 'FARID ARDIYANSYAH', '1016006804', 2016, 'TEKNIK OTOMASI INDUSTRI', 'SMK Negeri 1 Cibinong', '-', 'Imported 4/2/2019', '2019-04-02 05:15:13'),
(181, 'Fikri Afriyansyah', '1016006805', 2016, 'TEKNIK OTOMASI INDUSTRI', 'SMK Negeri 1 Cibinong', '-', 'Imported 4/2/2019', '2019-04-02 05:15:13'),
(182, 'Gisha Azzahra Herman', '1016006806', 2016, 'TEKNIK OTOMASI INDUSTRI', 'SMK Negeri 1 Cibinong', '-', 'Imported 4/2/2019', '2019-04-02 05:15:13'),
(183, 'Hendri Pribadi', '1016006807', 2016, 'TEKNIK OTOMASI INDUSTRI', 'SMK Negeri 1 Cibinong', '-', 'Imported 4/2/2019', '2019-04-02 05:15:13'),
(184, 'Ibnu Abdilah', '1016006808', 2016, 'TEKNIK OTOMASI INDUSTRI', 'SMK Negeri 1 Cibinong', '-', 'Imported 4/2/2019', '2019-04-02 05:15:13'),
(185, 'IRWAN PERMADI', '1016006809', 2016, 'TEKNIK OTOMASI INDUSTRI', 'SMK Negeri 1 Cibinong', '-', 'Imported 4/2/2019', '2019-04-02 05:15:13'),
(186, 'KURNIAWAN ADI PRASETYO', '1016006810', 2016, 'TEKNIK OTOMASI INDUSTRI', 'SMK Negeri 1 Cibinong', '-', 'Imported 4/2/2019', '2019-04-02 05:15:13'),
(187, 'Minhal Amar Zhan ', '1016006811', 2016, 'TEKNIK OTOMASI INDUSTRI', 'SMK Negeri 1 Cibinong', '-', 'Imported 4/2/2019', '2019-04-02 05:15:13'),
(188, 'Misbakhul Jannah', '1016006812', 2016, 'TEKNIK OTOMASI INDUSTRI', 'SMK Negeri 1 Cibinong', '-', 'Imported 4/2/2019', '2019-04-02 05:15:13'),
(189, 'Mochamad Livaldy Putra', '1016006813', 2016, 'TEKNIK OTOMASI INDUSTRI', 'SMK Negeri 1 Cibinong', '-', 'Imported 4/2/2019', '2019-04-02 05:15:14'),
(190, 'Mohammad Alvin Ziyad', '1016006814', 2016, 'TEKNIK OTOMASI INDUSTRI', 'SMK Negeri 1 Cibinong', '-', 'Imported 4/2/2019', '2019-04-02 05:15:14'),
(191, 'Muhamad Fikri', '1016006815', 2016, 'TEKNIK OTOMASI INDUSTRI', 'SMK Negeri 1 Cibinong', '-', 'Imported 4/2/2019', '2019-04-02 05:15:14'),
(192, 'Muhamad Saddam Rizky Bastari', '1016006816', 2016, 'TEKNIK OTOMASI INDUSTRI', 'SMK Negeri 1 Cibinong', '-', 'Imported 4/2/2019', '2019-04-02 05:15:14'),
(193, 'Muhammad Farhan', '1016006817', 2016, 'TEKNIK OTOMASI INDUSTRI', 'SMK Negeri 1 Cibinong', '-', 'Imported 4/2/2019', '2019-04-02 05:15:14'),
(194, 'Muhammad Ikhsan Wahyudi', '1016006818', 2016, 'TEKNIK OTOMASI INDUSTRI', 'SMK Negeri 1 Cibinong', '-', 'Imported 4/2/2019', '2019-04-02 05:15:14'),
(195, 'Muhammad Naufal', '1016006819', 2016, 'TEKNIK OTOMASI INDUSTRI', 'SMK Negeri 1 Cibinong', '-', 'Imported 4/2/2019', '2019-04-02 05:15:14'),
(196, 'MUHAMMAD RIZKY BASARAH', '1016006820', 2016, 'TEKNIK OTOMASI INDUSTRI', 'SMK Negeri 1 Cibinong', '-', 'Imported 4/2/2019', '2019-04-02 05:15:14'),
(197, 'Muhammad.Rusydi', '1016006821', 2016, 'TEKNIK OTOMASI INDUSTRI', 'SMK Negeri 1 Cibinong', '-', 'Imported 4/2/2019', '2019-04-02 05:15:14'),
(198, 'RAFLY ASSIDIQI', '1016006822', 2016, 'TEKNIK OTOMASI INDUSTRI', 'SMK Negeri 1 Cibinong', '-', 'Imported 4/2/2019', '2019-04-02 05:15:14'),
(199, 'RAIHAN RAKA ARDIANSYAH', '1016006823', 2016, 'TEKNIK OTOMASI INDUSTRI', 'SMK Negeri 1 Cibinong', '-', 'Imported 4/2/2019', '2019-04-02 05:15:14'),
(200, 'Rezy Rahmat', '1016006824', 2016, 'TEKNIK OTOMASI INDUSTRI', 'SMK Negeri 1 Cibinong', '-', 'Imported 4/2/2019', '2019-04-02 05:15:15'),
(201, 'Riski Perdana', '1016006825', 2016, 'TEKNIK OTOMASI INDUSTRI', 'SMK Negeri 1 Cibinong', '-', 'Imported 4/2/2019', '2019-04-02 05:15:15'),
(202, 'RIZKY HUSNI MUBARAK', '1016006826', 2016, 'TEKNIK OTOMASI INDUSTRI', 'SMK Negeri 1 Cibinong', '-', 'Imported 4/2/2019', '2019-04-02 05:15:15'),
(203, 'Sultan Nul Karim', '1016006827', 2016, 'TEKNIK OTOMASI INDUSTRI', 'SMK Negeri 1 Cibinong', '-', 'Imported 4/2/2019', '2019-04-02 05:15:15'),
(204, 'SYAIFUL BAHRI', '1016006828', 2016, 'TEKNIK OTOMASI INDUSTRI', 'SMK Negeri 1 Cibinong', '-', 'Imported 4/2/2019', '2019-04-02 05:15:15'),
(205, 'WASESA WIDIA', '1016006829', 2016, 'TEKNIK OTOMASI INDUSTRI', 'SMK Negeri 1 Cibinong', '-', 'Imported 4/2/2019', '2019-04-02 05:15:15'),
(206, 'ADAM MORENO TAUFAN', '1016006530', 2016, 'TEKNIK PEMESINAN', 'SMK Negeri 1 Cibinong', '-', 'Imported 4/2/2019', '2019-04-02 05:15:15'),
(207, 'Ahmad Zajuli', '1016006532', 2016, 'TEKNIK PEMESINAN', 'SMK Negeri 1 Cibinong', '-', 'Imported 4/2/2019', '2019-04-02 05:15:15'),
(208, 'Bagus Septian Rachmad Prastowo', '1016006535', 2016, 'TEKNIK PEMESINAN', 'SMK Negeri 1 Cibinong', '-', 'Imported 4/2/2019', '2019-04-02 05:15:15'),
(209, 'Deva Rizky Mikiyana Dethan', '1016006536', 2016, 'TEKNIK PEMESINAN', 'SMK Negeri 1 Cibinong', '-', 'Imported 4/2/2019', '2019-04-02 05:15:15'),
(210, 'Farhan Bima Adhitama', '1016006540', 2016, 'TEKNIK PEMESINAN', 'SMK Negeri 1 Cibinong', '-', 'Imported 4/2/2019', '2019-04-02 05:15:15'),
(211, 'FARHAN SETIAWAN', '1016006541', 2016, 'TEKNIK PEMESINAN', 'SMK Negeri 1 Cibinong', '-', 'Imported 4/2/2019', '2019-04-02 05:15:16'),
(212, 'GUNTUR SADEWA', '1016006542', 2016, 'TEKNIK PEMESINAN', 'SMK Negeri 1 Cibinong', '-', 'Imported 4/2/2019', '2019-04-02 05:15:16'),
(213, 'Hermawan ', '1016006543', 2016, 'TEKNIK PEMESINAN', 'SMK Negeri 1 Cibinong', '-', 'Imported 4/2/2019', '2019-04-02 05:15:16'),
(214, 'M ADI SATRIA MARTIN', '1016006546', 2016, 'TEKNIK PEMESINAN', 'SMK Negeri 1 Cibinong', '-', 'Imported 4/2/2019', '2019-04-02 05:15:16'),
(215, 'M. RIZCKY ALFADIO ', '1016006547', 2016, 'TEKNIK PEMESINAN', 'SMK Negeri 1 Cibinong', '-', 'Imported 4/2/2019', '2019-04-02 05:15:16'),
(216, 'M.Rafi Gentala Pandita', '1016006548', 2016, 'TEKNIK PEMESINAN', 'SMK Negeri 1 Cibinong', '-', 'Imported 4/2/2019', '2019-04-02 05:15:16'),
(217, 'M.rizki Yannur', '1016006549', 2016, 'TEKNIK PEMESINAN', 'SMK Negeri 1 Cibinong', '-', 'Imported 4/2/2019', '2019-04-02 05:15:16'),
(218, 'MADJI MUHAMAD IQBAL', '1016006550', 2016, 'TEKNIK PEMESINAN', 'SMK Negeri 1 Cibinong', '-', 'Imported 4/2/2019', '2019-04-02 05:15:16'),
(219, 'MUHAMAD AL DEJAN VAN CAPRI', '1016006552', 2016, 'TEKNIK PEMESINAN', 'SMK Negeri 1 Cibinong', '-', 'Imported 4/2/2019', '2019-04-02 05:15:16'),
(220, 'Muhamad Rifai', '1016006553', 2016, 'TEKNIK PEMESINAN', 'SMK Negeri 1 Cibinong', '-', 'Imported 4/2/2019', '2019-04-02 05:15:16'),
(221, 'Muhammad Abdul Rahman Yusuf', '1016006554', 2016, 'TEKNIK PEMESINAN', 'SMK Negeri 1 Cibinong', '-', 'Imported 4/2/2019', '2019-04-02 05:15:16'),
(222, 'Muhammad Khalif M', '1016006556', 2016, 'TEKNIK PEMESINAN', 'SMK Negeri 1 Cibinong', '-', 'Imported 4/2/2019', '2019-04-02 05:15:16'),
(223, 'Muhammad Sofian', '1016006558', 2016, 'TEKNIK PEMESINAN', 'SMK Negeri 1 Cibinong', '-', 'Imported 4/2/2019', '2019-04-02 05:15:17'),
(224, 'MUHANAD DWI APRIANTO', '1016006559', 2016, 'TEKNIK PEMESINAN', 'SMK Negeri 1 Cibinong', '-', 'Imported 4/2/2019', '2019-04-02 05:15:17'),
(225, 'Rando Sahat Maruli Pasaribu', '1016006561', 2016, 'TEKNIK PEMESINAN', 'SMK Negeri 1 Cibinong', '-', 'Imported 4/2/2019', '2019-04-02 05:15:17'),
(226, 'Rayhan Rizki', '1016006562', 2016, 'TEKNIK PEMESINAN', 'SMK Negeri 1 Cibinong', '-', 'Imported 4/2/2019', '2019-04-02 05:15:17'),
(227, 'Ridho Ashari Yudhantoko', '1016006563', 2016, 'TEKNIK PEMESINAN', 'SMK Negeri 1 Cibinong', '-', 'Imported 4/2/2019', '2019-04-02 05:15:17'),
(228, 'Rizki Maulana', '1016006564', 2016, 'TEKNIK PEMESINAN', 'SMK Negeri 1 Cibinong', '-', 'Imported 4/2/2019', '2019-04-02 05:15:17'),
(229, 'Stevenputraeffendi', '1016006565', 2016, 'TEKNIK PEMESINAN', 'SMK Negeri 1 Cibinong', '-', 'Imported 4/2/2019', '2019-04-02 05:15:17'),
(230, 'SULTAN ADITYA AKBAR ', '1016006566', 2016, 'TEKNIK PEMESINAN', 'SMK Negeri 1 Cibinong', '-', 'Imported 4/2/2019', '2019-04-02 05:15:17'),
(231, 'Abdul Ghofur', '1016006568', 2016, 'TEKNIK PEMESINAN', 'SMK Negeri 1 Cibinong', '-', 'Imported 4/2/2019', '2019-04-02 05:15:17'),
(232, 'Achmad Fadillah', '1016006569', 2016, 'TEKNIK PEMESINAN', 'SMK Negeri 1 Cibinong', '-', 'Imported 4/2/2019', '2019-04-02 05:15:17'),
(233, 'AGIL ARDHIANSYAH', '1016006570', 2016, 'TEKNIK PEMESINAN', 'SMK Negeri 1 Cibinong', '-', 'Imported 4/2/2019', '2019-04-02 05:15:17'),
(234, 'ALDI FIQRI FADILLAH', '1016006571', 2016, 'TEKNIK PEMESINAN', 'SMK Negeri 1 Cibinong', '-', 'Imported 4/2/2019', '2019-04-02 05:15:18'),
(235, 'ALDI RENALDI', '1016006572', 2016, 'TEKNIK PEMESINAN', 'SMK Negeri 1 Cibinong', '-', 'Imported 4/2/2019', '2019-04-02 05:15:18'),
(236, 'Arifin Sugiarto', '1016006574', 2016, 'TEKNIK PEMESINAN', 'SMK Negeri 1 Cibinong', '-', 'Imported 4/2/2019', '2019-04-02 05:15:18'),
(237, 'Dionisius Rafu Neno', '1016006575', 2016, 'TEKNIK PEMESINAN', 'SMK Negeri 1 Cibinong', '-', 'Imported 4/2/2019', '2019-04-02 05:15:18'),
(238, 'Dody Romansyah', '1016006576', 2016, 'TEKNIK PEMESINAN', 'SMK Negeri 1 Cibinong', '-', 'Imported 4/2/2019', '2019-04-02 05:15:18'),
(239, 'Fachri Salman Nauval', '1016006577', 2016, 'TEKNIK PEMESINAN', 'SMK Negeri 1 Cibinong', '-', 'Imported 4/2/2019', '2019-04-02 05:15:18'),
(240, 'Fadly Ahmad Sofyandi', '1016006578', 2016, 'TEKNIK PEMESINAN', 'SMK Negeri 1 Cibinong', '-', 'Imported 4/2/2019', '2019-04-02 05:15:18'),
(241, 'Fahmi Yuzar', '1016006579', 2016, 'TEKNIK PEMESINAN', 'SMK Negeri 1 Cibinong', '-', 'Imported 4/2/2019', '2019-04-02 05:15:18'),
(242, 'Ferdinan Ilham', '1016006580', 2016, 'TEKNIK PEMESINAN', 'SMK Negeri 1 Cibinong', '-', 'Imported 4/2/2019', '2019-04-02 05:15:18'),
(243, 'Galuh Eko Prasetio', '1016006581', 2016, 'TEKNIK PEMESINAN', 'SMK Negeri 1 Cibinong', '-', 'Imported 4/2/2019', '2019-04-02 05:15:18'),
(244, 'IKHZA LUTFI FERDIANSYAH ', '1016006583', 2016, 'TEKNIK PEMESINAN', 'SMK Negeri 1 Cibinong', '-', 'Imported 4/2/2019', '2019-04-02 05:15:18'),
(245, 'Jalu Fajar Wicak Sono', '1016006584', 2016, 'TEKNIK PEMESINAN', 'SMK Negeri 1 Cibinong', '-', 'Imported 4/2/2019', '2019-04-02 05:15:19'),
(246, 'JIHAD BONDAN PRAKOSO', '1016006585', 2016, 'TEKNIK PEMESINAN', 'SMK Negeri 1 Cibinong', '-', 'Imported 4/2/2019', '2019-04-02 05:15:19'),
(247, 'Leman Syah', '1016006586', 2016, 'TEKNIK PEMESINAN', 'SMK Negeri 1 Cibinong', '-', 'Imported 4/2/2019', '2019-04-02 05:15:19'),
(248, 'MOH ADY BINTORO', '1016006587', 2016, 'TEKNIK PEMESINAN', 'SMK Negeri 1 Cibinong', '-', 'Imported 4/2/2019', '2019-04-02 05:15:19'),
(249, 'Mohammad Fadillah', '1016006588', 2016, 'TEKNIK PEMESINAN', 'SMK Negeri 1 Cibinong', '-', 'Imported 4/2/2019', '2019-04-02 05:15:19'),
(250, 'Mohammad Rizki Sabarudin', '1016006589', 2016, 'TEKNIK PEMESINAN', 'SMK Negeri 1 Cibinong', '-', 'Imported 4/2/2019', '2019-04-02 05:15:19'),
(251, 'Muhamad Fajar Rudin', '1016006591', 2016, 'TEKNIK PEMESINAN', 'SMK Negeri 1 Cibinong', '-', 'Imported 4/2/2019', '2019-04-02 05:15:19'),
(252, 'Muhamad Rizki Purwanto', '1016006592', 2016, 'TEKNIK PEMESINAN', 'SMK Negeri 1 Cibinong', '-', 'Imported 4/2/2019', '2019-04-02 05:15:19'),
(253, 'Muhammad Fariz Zalham Sulistiana', '1016006593', 2016, 'TEKNIK PEMESINAN', 'SMK Negeri 1 Cibinong', '-', 'Imported 4/2/2019', '2019-04-02 05:15:19'),
(254, 'MUHAMMAD FAUZAN ADHIM', '1016006594', 2016, 'TEKNIK PEMESINAN', 'SMK Negeri 1 Cibinong', '-', 'Imported 4/2/2019', '2019-04-02 05:15:19'),
(255, 'Muhammad Giffari', '1016006595', 2016, 'TEKNIK PEMESINAN', 'SMK Negeri 1 Cibinong', '-', 'Imported 4/2/2019', '2019-04-02 05:15:20'),
(256, 'Muhammad Naufal Azmi', '1016006596', 2016, 'TEKNIK PEMESINAN', 'SMK Negeri 1 Cibinong', '-', 'Imported 4/2/2019', '2019-04-02 05:15:20'),
(257, 'Muhammad Rey Syadam', '1016006597', 2016, 'TEKNIK PEMESINAN', 'SMK Negeri 1 Cibinong', '-', 'Imported 4/2/2019', '2019-04-02 05:15:20'),
(258, 'Muhammad Yanuar Subekti', '1016006598', 2016, 'TEKNIK PEMESINAN', 'SMK Negeri 1 Cibinong', '-', 'Imported 4/2/2019', '2019-04-02 05:15:20'),
(259, 'RABIL DWI ZULNADRI', '1016006599', 2016, 'TEKNIK PEMESINAN', 'SMK Negeri 1 Cibinong', '-', 'Imported 4/2/2019', '2019-04-02 05:15:20'),
(260, 'Rakha Nur Fadhilah ', '1016006600', 2016, 'TEKNIK PEMESINAN', 'SMK Negeri 1 Cibinong', '-', 'Imported 4/2/2019', '2019-04-02 05:15:20'),
(261, 'RENDI BARLIAN', '1016006601', 2016, 'TEKNIK PEMESINAN', 'SMK Negeri 1 Cibinong', '-', 'Imported 4/2/2019', '2019-04-02 05:15:20'),
(262, 'VERICO MARSELINO ', '1016006604', 2016, 'TEKNIK PEMESINAN', 'SMK Negeri 1 Cibinong', '-', 'Imported 4/2/2019', '2019-04-02 05:15:20'),
(263, 'Widi Reeh Adi Agung', '1016006605', 2016, 'TEKNIK PEMESINAN', 'SMK Negeri 1 Cibinong', '-', 'Imported 4/2/2019', '2019-04-02 05:15:20'),
(264, 'Afrizal Riyantono', '1016006606', 2016, 'TEKNIK PEMESINAN', 'SMK Negeri 1 Cibinong', '-', 'Imported 4/2/2019', '2019-04-02 05:15:20'),
(265, 'AJENG AULIA PUTRI', '1016006607', 2016, 'TEKNIK PEMESINAN', 'SMK Negeri 1 Cibinong', '-', 'Imported 4/2/2019', '2019-04-02 05:15:20'),
(266, 'Ananta Raihan Primatama', '1016006609', 2016, 'TEKNIK PEMESINAN', 'SMK Negeri 1 Cibinong', '-', 'Imported 4/2/2019', '2019-04-02 05:15:21'),
(267, 'Andika Putra Ardi Ansah', '1016006610', 2016, 'TEKNIK PEMESINAN', 'SMK Negeri 1 Cibinong', '-', 'Imported 4/2/2019', '2019-04-02 05:15:21'),
(268, 'Ari Ramdani', '1016006611', 2016, 'TEKNIK PEMESINAN', 'SMK Negeri 1 Cibinong', '-', 'Imported 4/2/2019', '2019-04-02 05:15:21'),
(269, 'ARINA DWI CAHYA PUTRI', '1016006612', 2016, 'TEKNIK PEMESINAN', 'SMK Negeri 1 Cibinong', '-', 'Imported 4/2/2019', '2019-04-02 05:15:21'),
(270, 'Arya Sandy', '1016006613', 2016, 'TEKNIK PEMESINAN', 'SMK Negeri 1 Cibinong', '-', 'Imported 4/2/2019', '2019-04-02 05:15:21'),
(271, 'Chaerur Rojikin', '1016006614', 2016, 'TEKNIK PEMESINAN', 'SMK Negeri 1 Cibinong', '-', 'Imported 4/2/2019', '2019-04-02 05:15:21'),
(272, 'Danang Yudhistira', '1016006615', 2016, 'TEKNIK PEMESINAN', 'SMK Negeri 1 Cibinong', '-', 'Imported 4/2/2019', '2019-04-02 05:15:21'),
(273, 'Fajar Taufik', '1016006618', 2016, 'TEKNIK PEMESINAN', 'SMK Negeri 1 Cibinong', '-', 'Imported 4/2/2019', '2019-04-02 05:15:21'),
(274, 'febri riana putra', '1016006619', 2016, 'TEKNIK PEMESINAN', 'SMK Negeri 1 Cibinong', '-', 'Imported 4/2/2019', '2019-04-02 05:15:21'),
(275, 'Gusti Mulya Fayadh', '1016006620', 2016, 'TEKNIK PEMESINAN', 'SMK Negeri 1 Cibinong', '-', 'Imported 4/2/2019', '2019-04-02 05:15:21'),
(276, 'Hadi Suprianto A.F', '1016006621', 2016, 'TEKNIK PEMESINAN', 'SMK Negeri 1 Cibinong', '-', 'Imported 4/2/2019', '2019-04-02 05:15:21'),
(277, 'IBNU ABIL RAMADHAN', '1016006622', 2016, 'TEKNIK PEMESINAN', 'SMK Negeri 1 Cibinong', '-', 'Imported 4/2/2019', '2019-04-02 05:15:22'),
(278, 'Jizdan Faliq', '1016006623', 2016, 'TEKNIK PEMESINAN', 'SMK Negeri 1 Cibinong', '-', 'Imported 4/2/2019', '2019-04-02 05:15:22'),
(279, 'MOCHAMMAD FADHILA RAMADHAN', '1016006624', 2016, 'TEKNIK PEMESINAN', 'SMK Negeri 1 Cibinong', '-', 'Imported 4/2/2019', '2019-04-02 05:15:22'),
(280, 'Mohammad Daffa Arrizky', '1016006625', 2016, 'TEKNIK PEMESINAN', 'SMK Negeri 1 Cibinong', '-', 'Imported 4/2/2019', '2019-04-02 05:15:22'),
(281, 'Mohammad Yusuf', '1016006626', 2016, 'TEKNIK PEMESINAN', 'SMK Negeri 1 Cibinong', '-', 'Imported 4/2/2019', '2019-04-02 05:15:22'),
(282, 'Muhamad Zidane Alfa Rizqi', '1016006628', 2016, 'TEKNIK PEMESINAN', 'SMK Negeri 1 Cibinong', '-', 'Imported 4/2/2019', '2019-04-02 05:15:22'),
(283, 'Muhammad Aqshal Madani', '1016006629', 2016, 'TEKNIK PEMESINAN', 'SMK Negeri 1 Cibinong', '-', 'Imported 4/2/2019', '2019-04-02 05:15:22'),
(284, 'MUHAMMAD FADLI ', '1016006630', 2016, 'TEKNIK PEMESINAN', 'SMK Negeri 1 Cibinong', '-', 'Imported 4/2/2019', '2019-04-02 05:15:22'),
(285, 'MUHAMMAD FAHRURROJI', '1016006631', 2016, 'TEKNIK PEMESINAN', 'SMK Negeri 1 Cibinong', '-', 'Imported 4/2/2019', '2019-04-02 05:15:22'),
(286, 'Muhammad Revan Alvino', '1016006632', 2016, 'TEKNIK PEMESINAN', 'SMK Negeri 1 Cibinong', '-', 'Imported 4/2/2019', '2019-04-02 05:15:22'),
(287, 'Muhammad Ryano Permana', '1016006633', 2016, 'TEKNIK PEMESINAN', 'SMK Negeri 1 Cibinong', '-', 'Imported 4/2/2019', '2019-04-02 05:15:22'),
(288, 'Muhammad Zidane Dian Utama', '1016006634', 2016, 'TEKNIK PEMESINAN', 'SMK Negeri 1 Cibinong', '-', 'Imported 4/2/2019', '2019-04-02 05:15:22'),
(289, 'Nurpaizi Hidayattulloh', '1016006635', 2016, 'TEKNIK PEMESINAN', 'SMK Negeri 1 Cibinong', '-', 'Imported 4/2/2019', '2019-04-02 05:15:23'),
(290, 'Rafly Apriludin', '1016006636', 2016, 'TEKNIK PEMESINAN', 'SMK Negeri 1 Cibinong', '-', 'Imported 4/2/2019', '2019-04-02 05:15:23'),
(291, 'REYHAN EKI GRAHADI', '1016006637', 2016, 'TEKNIK PEMESINAN', 'SMK Negeri 1 Cibinong', '-', 'Imported 4/2/2019', '2019-04-02 05:15:23'),
(292, 'Ridha Putra Ryandra', '1016006638', 2016, 'TEKNIK PEMESINAN', 'SMK Negeri 1 Cibinong', '-', 'Imported 4/2/2019', '2019-04-02 05:15:23'),
(293, 'Rivaldi Wijaya', '1016006639', 2016, 'TEKNIK PEMESINAN', 'SMK Negeri 1 Cibinong', '-', 'Imported 4/2/2019', '2019-04-02 05:15:23'),
(294, 'Rizki Padlur Rohman', '1016006640', 2016, 'TEKNIK PEMESINAN', 'SMK Negeri 1 Cibinong', '-', 'Imported 4/2/2019', '2019-04-02 05:15:23'),
(295, 'Wahyu Anggoro', '1016006641', 2016, 'TEKNIK PEMESINAN', 'SMK Negeri 1 Cibinong', '-', 'Imported 4/2/2019', '2019-04-02 05:15:23'),
(296, 'Zakaria Tryza Mukti', '1016006642', 2016, 'TEKNIK PEMESINAN', 'SMK Negeri 1 Cibinong', '-', 'Imported 4/2/2019', '2019-04-02 05:15:23'),
(297, 'Tiara Febryyani', '1016006567', 2016, 'TEKNIK PEMESINAN', 'SMK Negeri 1 Cibinong', '-', 'Imported 4/2/2019', '2019-04-02 05:15:23'),
(298, 'ADITYA AUFA MIRZAPUTRA', '1016006643', 2016, 'TEKNIK KENDARAAN RINGAN', 'SMK Negeri 1 Cibinong', '-', 'Imported 4/2/2019', '2019-04-02 05:15:23'),
(299, 'Adityo Lanang Prayogo', '1016006644', 2016, 'TEKNIK KENDARAAN RINGAN', 'SMK Negeri 1 Cibinong', '-', 'Imported 4/2/2019', '2019-04-02 05:15:23'),
(300, 'Ahmad Fauzi', '1016006645', 2016, 'TEKNIK KENDARAAN RINGAN', 'SMK Negeri 1 Cibinong', '-', 'Imported 4/2/2019', '2019-04-02 05:15:24'),
(301, 'Ahmad Hazrualdy Avazri', '1016006646', 2016, 'TEKNIK KENDARAAN RINGAN', 'SMK Negeri 1 Cibinong', '-', 'Imported 4/2/2019', '2019-04-02 05:15:24'),
(302, 'Aldiansyah', '1016006647', 2016, 'TEKNIK KENDARAAN RINGAN', 'SMK Negeri 1 Cibinong', '-', 'Imported 4/2/2019', '2019-04-02 05:15:24'),
(303, 'Alldrian Siahaan', '1016006648', 2016, 'TEKNIK KENDARAAN RINGAN', 'SMK Negeri 1 Cibinong', '-', 'Imported 4/2/2019', '2019-04-02 05:15:24'),
(304, 'Aqib Dwi Priana', '1016006649', 2016, 'TEKNIK KENDARAAN RINGAN', 'SMK Negeri 1 Cibinong', '-', 'Imported 4/2/2019', '2019-04-02 05:15:24'),
(305, 'ARI DARMAWAN', '1016006650', 2016, 'TEKNIK KENDARAAN RINGAN', 'SMK Negeri 1 Cibinong', '-', 'Imported 4/2/2019', '2019-04-02 05:15:24'),
(306, 'arif seto nugroho', '1016006651', 2016, 'TEKNIK KENDARAAN RINGAN', 'SMK Negeri 1 Cibinong', '-', 'Imported 4/2/2019', '2019-04-02 05:15:24'),
(307, 'Arya Duta Pramesta', '1016006652', 2016, 'TEKNIK KENDARAAN RINGAN', 'SMK Negeri 1 Cibinong', '-', 'Imported 4/2/2019', '2019-04-02 05:15:24'),
(308, 'Athallah Firhan', '1016006653', 2016, 'TEKNIK KENDARAAN RINGAN', 'SMK Negeri 1 Cibinong', '-', 'Imported 4/2/2019', '2019-04-02 05:15:24'),
(309, 'Bagus Alip Putra Nugroho', '1016006654', 2016, 'TEKNIK KENDARAAN RINGAN', 'SMK Negeri 1 Cibinong', '-', 'Imported 4/2/2019', '2019-04-02 05:15:24'),
(310, 'BAGUS IMAM PRASOJO', '1016006655', 2016, 'TEKNIK KENDARAAN RINGAN', 'SMK Negeri 1 Cibinong', '-', 'Imported 4/2/2019', '2019-04-02 05:15:24'),
(311, 'Danny Pradana', '1016006656', 2016, 'TEKNIK KENDARAAN RINGAN', 'SMK Negeri 1 Cibinong', '-', 'Imported 4/2/2019', '2019-04-02 05:15:25'),
(312, 'DANU PAMUNGKAS', '1016006657', 2016, 'TEKNIK KENDARAAN RINGAN', 'SMK Negeri 1 Cibinong', '-', 'Imported 4/2/2019', '2019-04-02 05:15:25'),
(313, 'Dwi Mardanu Gesit Yudhoyono', '1016006658', 2016, 'TEKNIK KENDARAAN RINGAN', 'SMK Negeri 1 Cibinong', '-', 'Imported 4/2/2019', '2019-04-02 05:15:25'),
(314, 'FAIZ RAMADHAN', '1016006659', 2016, 'TEKNIK KENDARAAN RINGAN', 'SMK Negeri 1 Cibinong', '-', 'Imported 4/2/2019', '2019-04-02 05:15:25'),
(315, 'FERI FIKRI FAJRIAWAN', '1016006660', 2016, 'TEKNIK KENDARAAN RINGAN', 'SMK Negeri 1 Cibinong', '-', 'Imported 4/2/2019', '2019-04-02 05:15:25'),
(316, 'Gilang Ahmad Fathoni', '1016006661', 2016, 'TEKNIK KENDARAAN RINGAN', 'SMK Negeri 1 Cibinong', '-', 'Imported 4/2/2019', '2019-04-02 05:15:25'),
(317, 'HADAN MUTAQI ABDAT ', '1016006662', 2016, 'TEKNIK KENDARAAN RINGAN', 'SMK Negeri 1 Cibinong', '-', 'Imported 4/2/2019', '2019-04-02 05:15:25'),
(318, 'Irfan Fadillah', '1016006663', 2016, 'TEKNIK KENDARAAN RINGAN', 'SMK Negeri 1 Cibinong', '-', 'Imported 4/2/2019', '2019-04-02 05:15:25'),
(319, 'M. MAULUDI ARRAAFI ', '1016006664', 2016, 'TEKNIK KENDARAAN RINGAN', 'SMK Negeri 1 Cibinong', '-', 'Imported 4/2/2019', '2019-04-02 05:15:25'),
(320, 'MOCHAMAD DITHO WAHYUDI', '1016006665', 2016, 'TEKNIK KENDARAAN RINGAN', 'SMK Negeri 1 Cibinong', '-', 'Imported 4/2/2019', '2019-04-02 05:15:25'),
(321, 'Muhamad Doohana Rubywinata Putra', '1016006666', 2016, 'TEKNIK KENDARAAN RINGAN', 'SMK Negeri 1 Cibinong', '-', 'Imported 4/2/2019', '2019-04-02 05:15:25'),
(322, 'MUHAMAD FIRLY FADHLURROHMAN', '1016006667', 2016, 'TEKNIK KENDARAAN RINGAN', 'SMK Negeri 1 Cibinong', '-', 'Imported 4/2/2019', '2019-04-02 05:15:26'),
(323, 'Muhammad Ario Rizky', '1016006668', 2016, 'TEKNIK KENDARAAN RINGAN', 'SMK Negeri 1 Cibinong', '-', 'Imported 4/2/2019', '2019-04-02 05:15:26'),
(324, 'MUHAMMAD REDA ARDIANSYAH', '1016006669', 2016, 'TEKNIK KENDARAAN RINGAN', 'SMK Negeri 1 Cibinong', '-', 'Imported 4/2/2019', '2019-04-02 05:15:26'),
(325, 'MUHAMMAD SADDAM FAHREZA', '1016006670', 2016, 'TEKNIK KENDARAAN RINGAN', 'SMK Negeri 1 Cibinong', '-', 'Imported 4/2/2019', '2019-04-02 05:15:26'),
(326, 'Muhammad Zidane Ramadhan', '1016006671', 2016, 'TEKNIK KENDARAAN RINGAN', 'SMK Negeri 1 Cibinong', '-', 'Imported 4/2/2019', '2019-04-02 05:15:26'),
(327, 'Nabila Milawati', '1016006672', 2016, 'TEKNIK KENDARAAN RINGAN', 'SMK Negeri 1 Cibinong', '-', 'Imported 4/2/2019', '2019-04-02 05:15:26'),
(328, 'Nurfaizzi Rasyid', '1016006673', 2016, 'TEKNIK KENDARAAN RINGAN', 'SMK Negeri 1 Cibinong', '-', 'Imported 4/2/2019', '2019-04-02 05:15:26'),
(329, 'RIJAL SURYARAHMATULLAH', '1016006674', 2016, 'TEKNIK KENDARAAN RINGAN', 'SMK Negeri 1 Cibinong', '-', 'Imported 4/2/2019', '2019-04-02 05:15:26'),
(330, 'RISKY PARSAORAN SIAGIAN ', '1016006675', 2016, 'TEKNIK KENDARAAN RINGAN', 'SMK Negeri 1 Cibinong', '-', 'Imported 4/2/2019', '2019-04-02 05:15:26'),
(331, 'Sigit Maulana Saputra', '1016006676', 2016, 'TEKNIK KENDARAAN RINGAN', 'SMK Negeri 1 Cibinong', '-', 'Imported 4/2/2019', '2019-04-02 05:15:26'),
(332, 'Yanuar Danang Ikhsan', '1016006677', 2016, 'TEKNIK KENDARAAN RINGAN', 'SMK Negeri 1 Cibinong', '-', 'Imported 4/2/2019', '2019-04-02 05:15:26'),
(333, 'Yusup Ramdhoni', '1016006679', 2016, 'TEKNIK KENDARAAN RINGAN', 'SMK Negeri 1 Cibinong', '-', 'Imported 4/2/2019', '2019-04-02 05:15:27'),
(334, 'ZAKI MUHAMMAD JORDAN', '1016006680', 2016, 'TEKNIK KENDARAAN RINGAN', 'SMK Negeri 1 Cibinong', '-', 'Imported 4/2/2019', '2019-04-02 05:15:27'),
(335, 'Abdul Karim Ibnu Yasin', '1016006681', 2016, 'TEKNIK KENDARAAN RINGAN', 'SMK Negeri 1 Cibinong', '-', 'Imported 4/2/2019', '2019-04-02 05:15:27'),
(336, 'AHMAD DANI RAMADLAN', '1016006682', 2016, 'TEKNIK KENDARAAN RINGAN', 'SMK Negeri 1 Cibinong', '-', 'Imported 4/2/2019', '2019-04-02 05:15:27'),
(337, 'ALIEF GHIFARI AKBAR', '1016006683', 2016, 'TEKNIK KENDARAAN RINGAN', 'SMK Negeri 1 Cibinong', '-', 'Imported 4/2/2019', '2019-04-02 05:15:27'),
(338, 'Alif Akbar Mutaram', '1016006684', 2016, 'TEKNIK KENDARAAN RINGAN', 'SMK Negeri 1 Cibinong', '-', 'Imported 4/2/2019', '2019-04-02 05:15:27'),
(339, 'AZAHRA SYAFIRA NIZAR', '1016006685', 2016, 'TEKNIK KENDARAAN RINGAN', 'SMK Negeri 1 Cibinong', '-', 'Imported 4/2/2019', '2019-04-02 05:15:27'),
(340, 'BAYU KRISTIANTO', '1016006686', 2016, 'TEKNIK KENDARAAN RINGAN', 'SMK Negeri 1 Cibinong', '-', 'Imported 4/2/2019', '2019-04-02 05:15:27'),
(341, 'DANDI TRI NUGRAHA', '1016006687', 2016, 'TEKNIK KENDARAAN RINGAN', 'SMK Negeri 1 Cibinong', '-', 'Imported 4/2/2019', '2019-04-02 05:15:27'),
(342, 'DAVID SYAH ALAM', '1016006688', 2016, 'TEKNIK KENDARAAN RINGAN', 'SMK Negeri 1 Cibinong', '-', 'Imported 4/2/2019', '2019-04-02 05:15:27');
INSERT INTO `ms_mhs` (`id`, `nama`, `nim`, `angkatan`, `prodi`, `jurusan`, `fakultas`, `aux`, `timestamp`) VALUES
(343, 'Dimas Putra Dewantoro', '1016006689', 2016, 'TEKNIK KENDARAAN RINGAN', 'SMK Negeri 1 Cibinong', '-', 'Imported 4/2/2019', '2019-04-02 05:15:27'),
(344, 'FADHLURROHMAN B.S. ', '1016006690', 2016, 'TEKNIK KENDARAAN RINGAN', 'SMK Negeri 1 Cibinong', '-', 'Imported 4/2/2019', '2019-04-02 05:15:28'),
(345, 'Falah Afghani', '1016006691', 2016, 'TEKNIK KENDARAAN RINGAN', 'SMK Negeri 1 Cibinong', '-', 'Imported 4/2/2019', '2019-04-02 05:15:28'),
(346, 'Febian Amanda Nugroho', '1016006692', 2016, 'TEKNIK KENDARAAN RINGAN', 'SMK Negeri 1 Cibinong', '-', 'Imported 4/2/2019', '2019-04-02 05:15:28'),
(347, 'FERI KURNIAWIBOWO', '1016006693', 2016, 'TEKNIK KENDARAAN RINGAN', 'SMK Negeri 1 Cibinong', '-', 'Imported 4/2/2019', '2019-04-02 05:15:28'),
(348, 'GEDE KRISNA KURNIATAMA', '1016006694', 2016, 'TEKNIK KENDARAAN RINGAN', 'SMK Negeri 1 Cibinong', '-', 'Imported 4/2/2019', '2019-04-02 05:15:28'),
(349, 'ImamFahrian', '1016006696', 2016, 'TEKNIK KENDARAAN RINGAN', 'SMK Negeri 1 Cibinong', '-', 'Imported 4/2/2019', '2019-04-02 05:15:28'),
(350, 'IRSYAD ARRASYID ', '1016006698', 2016, 'TEKNIK KENDARAAN RINGAN', 'SMK Negeri 1 Cibinong', '-', 'Imported 4/2/2019', '2019-04-02 05:15:28'),
(351, 'JAKA BAYU INDRASUKMA', '1016006699', 2016, 'TEKNIK KENDARAAN RINGAN', 'SMK Negeri 1 Cibinong', '-', 'Imported 4/2/2019', '2019-04-02 05:15:28'),
(352, 'LUTFI WIDIA FIRMANSYAH', '1016006700', 2016, 'TEKNIK KENDARAAN RINGAN', 'SMK Negeri 1 Cibinong', '-', 'Imported 4/2/2019', '2019-04-02 05:15:28'),
(353, 'MOHAMMAD RAJIB BALHAJ MASDI', '1016006701', 2016, 'TEKNIK KENDARAAN RINGAN', 'SMK Negeri 1 Cibinong', '-', 'Imported 4/2/2019', '2019-04-02 05:15:28'),
(354, 'Muhamad Habib Mufidi', '1016006702', 2016, 'TEKNIK KENDARAAN RINGAN', 'SMK Negeri 1 Cibinong', '-', 'Imported 4/2/2019', '2019-04-02 05:15:28'),
(355, 'Muhamad Okky Pramono', '1016006703', 2016, 'TEKNIK KENDARAAN RINGAN', 'SMK Negeri 1 Cibinong', '-', 'Imported 4/2/2019', '2019-04-02 05:15:29'),
(356, 'Muhammad Alwi Waliyudin', '1016006704', 2016, 'TEKNIK KENDARAAN RINGAN', 'SMK Negeri 1 Cibinong', '-', 'Imported 4/2/2019', '2019-04-02 05:15:29'),
(357, 'Muhammad Hasbi', '1016006705', 2016, 'TEKNIK KENDARAAN RINGAN', 'SMK Negeri 1 Cibinong', '-', 'Imported 4/2/2019', '2019-04-02 05:15:29'),
(358, 'Muhammad Hendri Frandiansyah', '1016006706', 2016, 'TEKNIK KENDARAAN RINGAN', 'SMK Negeri 1 Cibinong', '-', 'Imported 4/2/2019', '2019-04-02 05:15:29'),
(359, 'Muhammad Izha Putra Pratama', '1016006708', 2016, 'TEKNIK KENDARAAN RINGAN', 'SMK Negeri 1 Cibinong', '-', 'Imported 4/2/2019', '2019-04-02 05:15:29'),
(360, 'MUHAMMAD WASIS WICAKSONO', '1016006709', 2016, 'TEKNIK KENDARAAN RINGAN', 'SMK Negeri 1 Cibinong', '-', 'Imported 4/2/2019', '2019-04-02 05:15:29'),
(361, 'RACHMA ISLAMA', '1016006710', 2016, 'TEKNIK KENDARAAN RINGAN', 'SMK Negeri 1 Cibinong', '-', 'Imported 4/2/2019', '2019-04-02 05:15:29'),
(362, 'Raihan Rama Syaputra', '1016006711', 2016, 'TEKNIK KENDARAAN RINGAN', 'SMK Negeri 1 Cibinong', '-', 'Imported 4/2/2019', '2019-04-02 05:15:29'),
(363, 'Rega Ardana', '1016006712', 2016, 'TEKNIK KENDARAAN RINGAN', 'SMK Negeri 1 Cibinong', '-', 'Imported 4/2/2019', '2019-04-02 05:15:29'),
(364, 'Ridho Bagus Fitriyanto', '1016006713', 2016, 'TEKNIK KENDARAAN RINGAN', 'SMK Negeri 1 Cibinong', '-', 'Imported 4/2/2019', '2019-04-02 05:15:29'),
(365, 'RIZKY HAKY MAHARDHIKA', '1016006715', 2016, 'TEKNIK KENDARAAN RINGAN', 'SMK Negeri 1 Cibinong', '-', 'Imported 4/2/2019', '2019-04-02 05:15:29'),
(366, 'Sandy Bayu Pratama', '1016006716', 2016, 'TEKNIK KENDARAAN RINGAN', 'SMK Negeri 1 Cibinong', '-', 'Imported 4/2/2019', '2019-04-02 05:15:30'),
(367, 'VIDYA DHANA PRAMESHSWARA', '1016006717', 2016, 'TEKNIK KENDARAAN RINGAN', 'SMK Negeri 1 Cibinong', '-', 'Imported 4/2/2019', '2019-04-02 05:15:30'),
(368, 'YUSUF YANHARRY', '1016006718', 2016, 'TEKNIK KENDARAAN RINGAN', 'SMK Negeri 1 Cibinong', '-', 'Imported 4/2/2019', '2019-04-02 05:15:30'),
(369, 'ADITYA RAKEL PRATAMA', '1016006719', 2016, 'TEKNIK KENDARAAN RINGAN', 'SMK Negeri 1 Cibinong', '-', 'Imported 4/2/2019', '2019-04-02 05:15:30'),
(370, 'Ahmad Wahyudi', '1016006720', 2016, 'TEKNIK KENDARAAN RINGAN', 'SMK Negeri 1 Cibinong', '-', 'Imported 4/2/2019', '2019-04-02 05:15:30'),
(371, 'Ahmad Zulfikri', '1016006721', 2016, 'TEKNIK KENDARAAN RINGAN', 'SMK Negeri 1 Cibinong', '-', 'Imported 4/2/2019', '2019-04-02 05:15:30'),
(372, 'ALAM BAGUS SANGAJI', '1016006722', 2016, 'TEKNIK KENDARAAN RINGAN', 'SMK Negeri 1 Cibinong', '-', 'Imported 4/2/2019', '2019-04-02 05:15:30'),
(373, 'ALDI FARIZI', '1016006723', 2016, 'TEKNIK KENDARAAN RINGAN', 'SMK Negeri 1 Cibinong', '-', 'Imported 4/2/2019', '2019-04-02 05:15:30'),
(374, 'Ambi Sageri', '1016006724', 2016, 'TEKNIK KENDARAAN RINGAN', 'SMK Negeri 1 Cibinong', '-', 'Imported 4/2/2019', '2019-04-02 05:15:30'),
(375, 'Arif Rahmanda', '1016006725', 2016, 'TEKNIK KENDARAAN RINGAN', 'SMK Negeri 1 Cibinong', '-', 'Imported 4/2/2019', '2019-04-02 05:15:30'),
(376, 'ARYA SETIAWAN ', '1016006726', 2016, 'TEKNIK KENDARAAN RINGAN', 'SMK Negeri 1 Cibinong', '-', 'Imported 4/2/2019', '2019-04-02 05:15:30'),
(377, 'Aryabima Nugraha Antasena', '1016006727', 2016, 'TEKNIK KENDARAAN RINGAN', 'SMK Negeri 1 Cibinong', '-', 'Imported 4/2/2019', '2019-04-02 05:15:31'),
(378, 'Aryanata Prakasa', '1016006728', 2016, 'TEKNIK KENDARAAN RINGAN', 'SMK Negeri 1 Cibinong', '-', 'Imported 4/2/2019', '2019-04-02 05:15:31'),
(379, 'Bambang Aditya.Saputra', '1016006729', 2016, 'TEKNIK KENDARAAN RINGAN', 'SMK Negeri 1 Cibinong', '-', 'Imported 4/2/2019', '2019-04-02 05:15:31'),
(380, 'CHRISTIAN RAJA H', '1016006730', 2016, 'TEKNIK KENDARAAN RINGAN', 'SMK Negeri 1 Cibinong', '-', 'Imported 4/2/2019', '2019-04-02 05:15:31'),
(381, 'Dhiazulfahaq Budiaji', '1016006731', 2016, 'TEKNIK KENDARAAN RINGAN', 'SMK Negeri 1 Cibinong', '-', 'Imported 4/2/2019', '2019-04-02 05:15:31'),
(382, 'FEBRIAN DWI GUNADI', '1016006732', 2016, 'TEKNIK KENDARAAN RINGAN', 'SMK Negeri 1 Cibinong', '-', 'Imported 4/2/2019', '2019-04-02 05:15:31'),
(383, 'FIKRI HERDIANSYAH', '1016006733', 2016, 'TEKNIK KENDARAAN RINGAN', 'SMK Negeri 1 Cibinong', '-', 'Imported 4/2/2019', '2019-04-02 05:15:31'),
(384, 'Filbert Christian Haryanto', '1016006734', 2016, 'TEKNIK KENDARAAN RINGAN', 'SMK Negeri 1 Cibinong', '-', 'Imported 4/2/2019', '2019-04-02 05:15:31'),
(385, 'GILANG MAULANA ', '1016006735', 2016, 'TEKNIK KENDARAAN RINGAN', 'SMK Negeri 1 Cibinong', '-', 'Imported 4/2/2019', '2019-04-02 05:15:31'),
(386, 'ILYAS HILMY', '1016006736', 2016, 'TEKNIK KENDARAAN RINGAN', 'SMK Negeri 1 Cibinong', '-', 'Imported 4/2/2019', '2019-04-02 05:15:31'),
(387, 'Iqbal Fauzi', '1016006737', 2016, 'TEKNIK KENDARAAN RINGAN', 'SMK Negeri 1 Cibinong', '-', 'Imported 4/2/2019', '2019-04-02 05:15:31'),
(388, 'Marvelio Prado', '1016006738', 2016, 'TEKNIK KENDARAAN RINGAN', 'SMK Negeri 1 Cibinong', '-', 'Imported 4/2/2019', '2019-04-02 05:15:31'),
(389, 'MUHAMAD ARIEF SAPUTRA', '1016006739', 2016, 'TEKNIK KENDARAAN RINGAN', 'SMK Negeri 1 Cibinong', '-', 'Imported 4/2/2019', '2019-04-02 05:15:32'),
(390, 'Muhamad Kahfi', '1016006740', 2016, 'TEKNIK KENDARAAN RINGAN', 'SMK Negeri 1 Cibinong', '-', 'Imported 4/2/2019', '2019-04-02 05:15:32'),
(391, 'Muhamad Risal Quilo', '1016006741', 2016, 'TEKNIK KENDARAAN RINGAN', 'SMK Negeri 1 Cibinong', '-', 'Imported 4/2/2019', '2019-04-02 05:15:32'),
(392, 'MUHAMMAD  ROZI HIKAM', '1016006742', 2016, 'TEKNIK KENDARAAN RINGAN', 'SMK Negeri 1 Cibinong', '-', 'Imported 4/2/2019', '2019-04-02 05:15:32'),
(393, 'Muhammad Aditya Sakha Kirana', '1016006743', 2016, 'TEKNIK KENDARAAN RINGAN', 'SMK Negeri 1 Cibinong', '-', 'Imported 4/2/2019', '2019-04-02 05:15:32'),
(394, 'MUHAMMAD FARHAN ROMADHAN', '1016006744', 2016, 'TEKNIK KENDARAAN RINGAN', 'SMK Negeri 1 Cibinong', '-', 'Imported 4/2/2019', '2019-04-02 05:15:32'),
(395, 'Muhammad Fawzan Putra Respati', '1016006745', 2016, 'TEKNIK KENDARAAN RINGAN', 'SMK Negeri 1 Cibinong', '-', 'Imported 4/2/2019', '2019-04-02 05:15:32'),
(396, 'Muhammad Iqbal Saifudin', '1016006746', 2016, 'TEKNIK KENDARAAN RINGAN', 'SMK Negeri 1 Cibinong', '-', 'Imported 4/2/2019', '2019-04-02 05:15:32'),
(397, 'Muhammad Surya Akbar Ramadhan', '1016006747', 2016, 'TEKNIK KENDARAAN RINGAN', 'SMK Negeri 1 Cibinong', '-', 'Imported 4/2/2019', '2019-04-02 05:15:32'),
(398, 'MUHAMMAD ZIDAN MAULANA', '1016006748', 2016, 'TEKNIK KENDARAAN RINGAN', 'SMK Negeri 1 Cibinong', '-', 'Imported 4/2/2019', '2019-04-02 05:15:32'),
(399, 'Oscar Muhamad Yusuf', '1016006749', 2016, 'TEKNIK KENDARAAN RINGAN', 'SMK Negeri 1 Cibinong', '-', 'Imported 4/2/2019', '2019-04-02 05:15:33'),
(400, 'PUTRA GILANG ADHI P. ', '1016006750', 2016, 'TEKNIK KENDARAAN RINGAN', 'SMK Negeri 1 Cibinong', '-', 'Imported 4/2/2019', '2019-04-02 05:15:33'),
(401, 'Raihan Akbar Robbani', '1016006751', 2016, 'TEKNIK KENDARAAN RINGAN', 'SMK Negeri 1 Cibinong', '-', 'Imported 4/2/2019', '2019-04-02 05:15:33'),
(402, 'Rizka Amalia', '1016006752', 2016, 'TEKNIK KENDARAAN RINGAN', 'SMK Negeri 1 Cibinong', '-', 'Imported 4/2/2019', '2019-04-02 05:15:33'),
(403, 'Satrio Tabah Zaelani', '1016006753', 2016, 'TEKNIK KENDARAAN RINGAN', 'SMK Negeri 1 Cibinong', '-', 'Imported 4/2/2019', '2019-04-02 05:15:33'),
(404, 'Shandy Surya Lazuardy', '1016006754', 2016, 'TEKNIK KENDARAAN RINGAN', 'SMK Negeri 1 Cibinong', '-', 'Imported 4/2/2019', '2019-04-02 05:15:33'),
(405, 'Tiara Al Zamzami Setianingrum', '1016006755', 2016, 'TEKNIK KENDARAAN RINGAN', 'SMK Negeri 1 Cibinong', '-', 'Imported 4/2/2019', '2019-04-02 05:15:33'),
(406, 'Yusuf Kurniawan', '1016006756', 2016, 'TEKNIK KENDARAAN RINGAN', 'SMK Negeri 1 Cibinong', '-', 'Imported 4/2/2019', '2019-04-02 05:15:33'),
(407, 'ABDUL MUHAMAD ILHAM', '1016006830', 2016, 'TEKNIK KOMPUTER JARINGAN', 'SMK Negeri 1 Cibinong', '-', 'Imported 4/2/2019', '2019-04-02 05:15:33'),
(408, 'ABDUR RAFI', '1016006831', 2016, 'TEKNIK KOMPUTER JARINGAN', 'SMK Negeri 1 Cibinong', '-', 'Imported 4/2/2019', '2019-04-02 05:15:33'),
(409, 'Angga Dwi Antoro', '1016006833', 2016, 'TEKNIK KOMPUTER JARINGAN', 'SMK Negeri 1 Cibinong', '-', 'Imported 4/2/2019', '2019-04-02 05:15:33'),
(410, 'Arkan Haryo Wibisono', '1016006835', 2016, 'TEKNIK KOMPUTER JARINGAN', 'SMK Negeri 1 Cibinong', '-', 'Imported 4/2/2019', '2019-04-02 05:15:33'),
(411, 'Arya Hanadi', '1016006836', 2016, 'TEKNIK KOMPUTER JARINGAN', 'SMK Negeri 1 Cibinong', '-', 'Imported 4/2/2019', '2019-04-02 05:15:34'),
(412, 'ARYO BIMA BHAGASKARA', '1016006837', 2016, 'TEKNIK KOMPUTER JARINGAN', 'SMK Negeri 1 Cibinong', '-', 'Imported 4/2/2019', '2019-04-02 05:15:34'),
(413, 'Attar Wahyu Pangestu', '1016006838', 2016, 'TEKNIK KOMPUTER JARINGAN', 'SMK Negeri 1 Cibinong', '-', 'Imported 4/2/2019', '2019-04-02 05:15:34'),
(414, 'AZRIEL FIKY ISMAIL', '1016006839', 2016, 'TEKNIK KOMPUTER JARINGAN', 'SMK Negeri 1 Cibinong', '-', 'Imported 4/2/2019', '2019-04-02 05:15:34'),
(415, 'AZRIEL TEOSARA ZEBUA', '1016006840', 2016, 'TEKNIK KOMPUTER JARINGAN', 'SMK Negeri 1 Cibinong', '-', 'Imported 4/2/2019', '2019-04-02 05:15:34'),
(416, 'Carlos Daniel Sembiring', '1016006841', 2016, 'TEKNIK KOMPUTER JARINGAN', 'SMK Negeri 1 Cibinong', '-', 'Imported 4/2/2019', '2019-04-02 05:15:34'),
(417, 'Dio Raditya Rofi Untoro', '1016006842', 2016, 'TEKNIK KOMPUTER JARINGAN', 'SMK Negeri 1 Cibinong', '-', 'Imported 4/2/2019', '2019-04-02 05:15:34'),
(418, 'FACHRI ADAM', '1016006843', 2016, 'TEKNIK KOMPUTER JARINGAN', 'SMK Negeri 1 Cibinong', '-', 'Imported 4/2/2019', '2019-04-02 05:15:34'),
(419, 'FADHIL ATHALLAH RAFI', '1016006844', 2016, 'TEKNIK KOMPUTER JARINGAN', 'SMK Negeri 1 Cibinong', '-', 'Imported 4/2/2019', '2019-04-02 05:15:34'),
(420, 'IFSYA NURAINI SADIYYAH ', '1016006845', 2016, 'TEKNIK KOMPUTER JARINGAN', 'SMK Negeri 1 Cibinong', '-', 'Imported 4/2/2019', '2019-04-02 05:15:34'),
(421, 'Izza Rahmat Saleh', '1016006846', 2016, 'TEKNIK KOMPUTER JARINGAN', 'SMK Negeri 1 Cibinong', '-', 'Imported 4/2/2019', '2019-04-02 05:15:34'),
(422, 'JANIA HERVIANI', '1016006847', 2016, 'TEKNIK KOMPUTER JARINGAN', 'SMK Negeri 1 Cibinong', '-', 'Imported 4/2/2019', '2019-04-02 05:15:35'),
(423, 'Jurmia Agustina', '1016006848', 2016, 'TEKNIK KOMPUTER JARINGAN', 'SMK Negeri 1 Cibinong', '-', 'Imported 4/2/2019', '2019-04-02 05:15:35'),
(424, 'LAODE MUHAMAD FIRDAUS', '1016006849', 2016, 'TEKNIK KOMPUTER JARINGAN', 'SMK Negeri 1 Cibinong', '-', 'Imported 4/2/2019', '2019-04-02 05:15:35'),
(425, 'LATHIFAH OKTAVIANI', '1016006850', 2016, 'TEKNIK KOMPUTER JARINGAN', 'SMK Negeri 1 Cibinong', '-', 'Imported 4/2/2019', '2019-04-02 05:15:35'),
(426, 'Lintang Kusuma', '1016006851', 2016, 'TEKNIK KOMPUTER JARINGAN', 'SMK Negeri 1 Cibinong', '-', 'Imported 4/2/2019', '2019-04-02 05:15:35'),
(427, 'LUTHFI FADHLIANSYAH', '1016006852', 2016, 'TEKNIK KOMPUTER JARINGAN', 'SMK Negeri 1 Cibinong', '-', 'Imported 4/2/2019', '2019-04-02 05:15:35'),
(428, 'Mohamad Raihan Sadam', '1016006853', 2016, 'TEKNIK KOMPUTER JARINGAN', 'SMK Negeri 1 Cibinong', '-', 'Imported 4/2/2019', '2019-04-02 05:15:35'),
(429, 'Muhammad Haekal Salim', '1016006854', 2016, 'TEKNIK KOMPUTER JARINGAN', 'SMK Negeri 1 Cibinong', '-', 'Imported 4/2/2019', '2019-04-02 05:15:35'),
(430, 'Novita Marselin Prisma', '1016006855', 2016, 'TEKNIK KOMPUTER JARINGAN', 'SMK Negeri 1 Cibinong', '-', 'Imported 4/2/2019', '2019-04-02 05:15:35'),
(431, 'Nurhasanah', '1016006856', 2016, 'TEKNIK KOMPUTER JARINGAN', 'SMK Negeri 1 Cibinong', '-', 'Imported 4/2/2019', '2019-04-02 05:15:35'),
(432, 'Pricilla Ruly', '1016006857', 2016, 'TEKNIK KOMPUTER JARINGAN', 'SMK Negeri 1 Cibinong', '-', 'Imported 4/2/2019', '2019-04-02 05:15:35'),
(433, 'Puput Trihastutik', '1016006858', 2016, 'TEKNIK KOMPUTER JARINGAN', 'SMK Negeri 1 Cibinong', '-', 'Imported 4/2/2019', '2019-04-02 05:15:36'),
(434, 'Putri Arsyi Bariah', '1016006859', 2016, 'TEKNIK KOMPUTER JARINGAN', 'SMK Negeri 1 Cibinong', '-', 'Imported 4/2/2019', '2019-04-02 05:15:36'),
(435, 'PUTRI ARYANI', '1016006860', 2016, 'TEKNIK KOMPUTER JARINGAN', 'SMK Negeri 1 Cibinong', '-', 'Imported 4/2/2019', '2019-04-02 05:15:36'),
(436, 'Rahmat Agung Gumelar', '1016006861', 2016, 'TEKNIK KOMPUTER JARINGAN', 'SMK Negeri 1 Cibinong', '-', 'Imported 4/2/2019', '2019-04-02 05:15:36'),
(437, 'Raihan Fadillah Setiyanto', '1016006862', 2016, 'TEKNIK KOMPUTER JARINGAN', 'SMK Negeri 1 Cibinong', '-', 'Imported 4/2/2019', '2019-04-02 05:15:36'),
(438, 'Rayhan Aqsyal Athallah', '1016006863', 2016, 'TEKNIK KOMPUTER JARINGAN', 'SMK Negeri 1 Cibinong', '-', 'Imported 4/2/2019', '2019-04-02 05:15:36'),
(439, 'SAIFANNADHIL PUTRA YUDHANTO', '1016006864', 2016, 'TEKNIK KOMPUTER JARINGAN', 'SMK Negeri 1 Cibinong', '-', 'Imported 4/2/2019', '2019-04-02 05:15:36'),
(440, 'SARTIKA LESTARI', '1016006865', 2016, 'TEKNIK KOMPUTER JARINGAN', 'SMK Negeri 1 Cibinong', '-', 'Imported 4/2/2019', '2019-04-02 05:15:36'),
(441, 'TAUFIK RIZKI RAMADHAN ', '1016006866', 2016, 'TEKNIK KOMPUTER JARINGAN', 'SMK Negeri 1 Cibinong', '-', 'Imported 4/2/2019', '2019-04-02 05:15:36'),
(442, 'Wahyu Adi Pamungkas', '1016006867', 2016, 'TEKNIK KOMPUTER JARINGAN', 'SMK Negeri 1 Cibinong', '-', 'Imported 4/2/2019', '2019-04-02 05:15:36'),
(443, 'ABDUL AZIS ARYADI', '1016006868', 2016, 'TEKNIK KOMPUTER JARINGAN', 'SMK Negeri 1 Cibinong', '-', 'Imported 4/2/2019', '2019-04-02 05:15:36'),
(444, 'ADRIAN FITRA RAMADHAN', '1016006869', 2016, 'TEKNIK KOMPUTER JARINGAN', 'SMK Negeri 1 Cibinong', '-', 'Imported 4/2/2019', '2019-04-02 05:15:37'),
(445, 'AHRA AZHRI SAPUTRI', '1016006871', 2016, 'TEKNIK KOMPUTER JARINGAN', 'SMK Negeri 1 Cibinong', '-', 'Imported 4/2/2019', '2019-04-02 05:15:37'),
(446, 'Annas Fadilah', '1016006872', 2016, 'TEKNIK KOMPUTER JARINGAN', 'SMK Negeri 1 Cibinong', '-', 'Imported 4/2/2019', '2019-04-02 05:15:37'),
(447, 'Anom Wagiyo Khairul Fattah', '1016006873', 2016, 'TEKNIK KOMPUTER JARINGAN', 'SMK Negeri 1 Cibinong', '-', 'Imported 4/2/2019', '2019-04-02 05:15:37'),
(448, 'Ardi Pandu Wiratama', '1016006874', 2016, 'TEKNIK KOMPUTER JARINGAN', 'SMK Negeri 1 Cibinong', '-', 'Imported 4/2/2019', '2019-04-02 05:15:37'),
(449, 'BAGAS ARI WIBOWO', '1016006875', 2016, 'TEKNIK KOMPUTER JARINGAN', 'SMK Negeri 1 Cibinong', '-', 'Imported 4/2/2019', '2019-04-02 05:15:37'),
(450, 'Chintya Octaviana Putri', '1016006876', 2016, 'TEKNIK KOMPUTER JARINGAN', 'SMK Negeri 1 Cibinong', '-', 'Imported 4/2/2019', '2019-04-02 05:15:37'),
(451, 'Devina Febrianti', '1016006877', 2016, 'TEKNIK KOMPUTER JARINGAN', 'SMK Negeri 1 Cibinong', '-', 'Imported 4/2/2019', '2019-04-02 05:15:37'),
(452, 'Dhafa Nugraha Djuanda', '1016006878', 2016, 'TEKNIK KOMPUTER JARINGAN', 'SMK Negeri 1 Cibinong', '-', 'Imported 4/2/2019', '2019-04-02 05:15:37'),
(453, 'EKA APRILIA', '1016006879', 2016, 'TEKNIK KOMPUTER JARINGAN', 'SMK Negeri 1 Cibinong', '-', 'Imported 4/2/2019', '2019-04-02 05:15:37'),
(454, 'FADEL MUHAMMAD SUKMA', '1016006880', 2016, 'TEKNIK KOMPUTER JARINGAN', 'SMK Negeri 1 Cibinong', '-', 'Imported 4/2/2019', '2019-04-02 05:15:37'),
(455, 'Fanisa Septiani', '1016006881', 2016, 'TEKNIK KOMPUTER JARINGAN', 'SMK Negeri 1 Cibinong', '-', 'Imported 4/2/2019', '2019-04-02 05:15:38'),
(456, 'Farhan Thariq Huzaini', '1016006882', 2016, 'TEKNIK KOMPUTER JARINGAN', 'SMK Negeri 1 Cibinong', '-', 'Imported 4/2/2019', '2019-04-02 05:15:38'),
(457, 'Fauziah Ariani', '1016006883', 2016, 'TEKNIK KOMPUTER JARINGAN', 'SMK Negeri 1 Cibinong', '-', 'Imported 4/2/2019', '2019-04-02 05:15:38'),
(458, 'Ferdinan Daewana', '1016006884', 2016, 'TEKNIK KOMPUTER JARINGAN', 'SMK Negeri 1 Cibinong', '-', 'Imported 4/2/2019', '2019-04-02 05:15:38'),
(459, 'HABIBI BAGUS SULIANO', '1016006885', 2016, 'TEKNIK KOMPUTER JARINGAN', 'SMK Negeri 1 Cibinong', '-', 'Imported 4/2/2019', '2019-04-02 05:15:38'),
(460, 'Haya Rizka Kamila', '1016006886', 2016, 'TEKNIK KOMPUTER JARINGAN', 'SMK Negeri 1 Cibinong', '-', 'Imported 4/2/2019', '2019-04-02 05:15:38'),
(461, 'ILHAM PRAYOGA', '1016006887', 2016, 'TEKNIK KOMPUTER JARINGAN', 'SMK Negeri 1 Cibinong', '-', 'Imported 4/2/2019', '2019-04-02 05:15:38'),
(462, 'Irwan Maulana', '1016006888', 2016, 'TEKNIK KOMPUTER JARINGAN', 'SMK Negeri 1 Cibinong', '-', 'Imported 4/2/2019', '2019-04-02 05:15:38'),
(463, 'M. KHOIRUL IKHWAN ', '1016006889', 2016, 'TEKNIK KOMPUTER JARINGAN', 'SMK Negeri 1 Cibinong', '-', 'Imported 4/2/2019', '2019-04-02 05:15:38'),
(464, 'MOHAMAD ERLANGGA ', '1016006890', 2016, 'TEKNIK KOMPUTER JARINGAN', 'SMK Negeri 1 Cibinong', '-', 'Imported 4/2/2019', '2019-04-02 05:15:38'),
(465, 'Muhamad Rafli Syahrulloh', '1016006891', 2016, 'TEKNIK KOMPUTER JARINGAN', 'SMK Negeri 1 Cibinong', '-', 'Imported 4/2/2019', '2019-04-02 05:15:38'),
(466, 'Muhammad Ardi Budiawan', '1016006892', 2016, 'TEKNIK KOMPUTER JARINGAN', 'SMK Negeri 1 Cibinong', '-', 'Imported 4/2/2019', '2019-04-02 05:15:39'),
(467, 'Muhammad Farhan', '1016006893', 2016, 'TEKNIK KOMPUTER JARINGAN', 'SMK Negeri 1 Cibinong', '-', 'Imported 4/2/2019', '2019-04-02 05:15:39'),
(468, 'Muhammad Furqon Sjofjan', '1016006894', 2016, 'TEKNIK KOMPUTER JARINGAN', 'SMK Negeri 1 Cibinong', '-', 'Imported 4/2/2019', '2019-04-02 05:15:39'),
(469, 'MUHAMMAD NOVAN SYAPUTRA', '1016006895', 2016, 'TEKNIK KOMPUTER JARINGAN', 'SMK Negeri 1 Cibinong', '-', 'Imported 4/2/2019', '2019-04-02 05:15:39'),
(470, 'MUHAMMAD RAFLI FIRMANSYAH', '1016006896', 2016, 'TEKNIK KOMPUTER JARINGAN', 'SMK Negeri 1 Cibinong', '-', 'Imported 4/2/2019', '2019-04-02 05:15:39'),
(471, 'Muhammad Rizkyananda', '1016006897', 2016, 'TEKNIK KOMPUTER JARINGAN', 'SMK Negeri 1 Cibinong', '-', 'Imported 4/2/2019', '2019-04-02 05:15:39'),
(472, 'NANDIA HASNI', '1016006898', 2016, 'TEKNIK KOMPUTER JARINGAN', 'SMK Negeri 1 Cibinong', '-', 'Imported 4/2/2019', '2019-04-02 05:15:39'),
(473, 'Nindy Destiana Dewi', '1016006899', 2016, 'TEKNIK KOMPUTER JARINGAN', 'SMK Negeri 1 Cibinong', '-', 'Imported 4/2/2019', '2019-04-02 05:15:39'),
(474, 'Rival Vandika', '1016006900', 2016, 'TEKNIK KOMPUTER JARINGAN', 'SMK Negeri 1 Cibinong', '-', 'Imported 4/2/2019', '2019-04-02 05:15:39'),
(475, 'ROMARIO HERLING ARCHIE TOBIAS', '1016006901', 2016, 'TEKNIK KOMPUTER JARINGAN', 'SMK Negeri 1 Cibinong', '-', 'Imported 4/2/2019', '2019-04-02 05:15:39'),
(476, 'SANDY RESTA VIRGIAWAN', '1016006902', 2016, 'TEKNIK KOMPUTER JARINGAN', 'SMK Negeri 1 Cibinong', '-', 'Imported 4/2/2019', '2019-04-02 05:15:39'),
(477, 'Tri Mutia', '1016006903', 2016, 'TEKNIK KOMPUTER JARINGAN', 'SMK Negeri 1 Cibinong', '-', 'Imported 4/2/2019', '2019-04-02 05:15:40'),
(478, 'Whido Billah Sudrajat Putra', '1016006904', 2016, 'TEKNIK KOMPUTER JARINGAN', 'SMK Negeri 1 Cibinong', '-', 'Imported 4/2/2019', '2019-04-02 05:15:40'),
(479, 'Zifan Ramdhani Marzuki', '1016006905', 2016, 'TEKNIK KOMPUTER JARINGAN', 'SMK Negeri 1 Cibinong', '-', 'Imported 4/2/2019', '2019-04-02 05:15:40'),
(480, 'Aditya Rizky Nopan Riansyah', '1016006906', 2016, 'TEKNIK KOMPUTER JARINGAN', 'SMK Negeri 1 Cibinong', '-', 'Imported 4/2/2019', '2019-04-02 05:15:40'),
(481, 'Aldrin Adha ', '1016006907', 2016, 'TEKNIK KOMPUTER JARINGAN', 'SMK Negeri 1 Cibinong', '-', 'Imported 4/2/2019', '2019-04-02 05:15:40'),
(482, 'Alessandro Heidaryu Mustafa', '1016006908', 2016, 'TEKNIK KOMPUTER JARINGAN', 'SMK Negeri 1 Cibinong', '-', 'Imported 4/2/2019', '2019-04-02 05:15:40'),
(483, 'ANGGA ARYA WARDANA', '1016006909', 2016, 'TEKNIK KOMPUTER JARINGAN', 'SMK Negeri 1 Cibinong', '-', 'Imported 4/2/2019', '2019-04-02 05:15:40'),
(484, 'ANGGIANI ALDA NOVALIA', '1016006910', 2016, 'TEKNIK KOMPUTER JARINGAN', 'SMK Negeri 1 Cibinong', '-', 'Imported 4/2/2019', '2019-04-02 05:15:40'),
(485, 'Arif Rahmadhani', '1016006911', 2016, 'TEKNIK KOMPUTER JARINGAN', 'SMK Negeri 1 Cibinong', '-', 'Imported 4/2/2019', '2019-04-02 05:15:40'),
(486, 'CHAIRUL AZIZ ARMONDYA', '1016006912', 2016, 'TEKNIK KOMPUTER JARINGAN', 'SMK Negeri 1 Cibinong', '-', 'Imported 4/2/2019', '2019-04-02 05:15:40'),
(487, 'DZAKY HAIDAR', '1016006914', 2016, 'TEKNIK KOMPUTER JARINGAN', 'SMK Negeri 1 Cibinong', '-', 'Imported 4/2/2019', '2019-04-02 05:15:40'),
(488, 'Emmanuel Juan Patrick Hapsoro', '1016006915', 2016, 'TEKNIK KOMPUTER JARINGAN', 'SMK Negeri 1 Cibinong', '-', 'Imported 4/2/2019', '2019-04-02 05:15:41'),
(489, 'FAIZAL KURNIA', '1016006916', 2016, 'TEKNIK KOMPUTER JARINGAN', 'SMK Negeri 1 Cibinong', '-', 'Imported 4/2/2019', '2019-04-02 05:15:41'),
(490, 'Gema Arya Gempita', '1016006917', 2016, 'TEKNIK KOMPUTER JARINGAN', 'SMK Negeri 1 Cibinong', '-', 'Imported 4/2/2019', '2019-04-02 05:15:41'),
(491, 'Hafiz Maulana Kusnadi', '1016006918', 2016, 'TEKNIK KOMPUTER JARINGAN', 'SMK Negeri 1 Cibinong', '-', 'Imported 4/2/2019', '2019-04-02 05:15:41'),
(492, 'Ina Urfhansyah', '1016006919', 2016, 'TEKNIK KOMPUTER JARINGAN', 'SMK Negeri 1 Cibinong', '-', 'Imported 4/2/2019', '2019-04-02 05:15:41'),
(493, 'Junaidi', '1016006920', 2016, 'TEKNIK KOMPUTER JARINGAN', 'SMK Negeri 1 Cibinong', '-', 'Imported 4/2/2019', '2019-04-02 05:15:41'),
(494, 'KALISTUS ALVINO EKO NUGROHO', '1016006921', 2016, 'TEKNIK KOMPUTER JARINGAN', 'SMK Negeri 1 Cibinong', '-', 'Imported 4/2/2019', '2019-04-02 05:15:41'),
(495, 'Kartika Rizky Wijayanti', '1016006922', 2016, 'TEKNIK KOMPUTER JARINGAN', 'SMK Negeri 1 Cibinong', '-', 'Imported 4/2/2019', '2019-04-02 05:15:41'),
(496, 'Kevin Ramadhan', '1016006923', 2016, 'TEKNIK KOMPUTER JARINGAN', 'SMK Negeri 1 Cibinong', '-', 'Imported 4/2/2019', '2019-04-02 05:15:41'),
(497, 'M. IRVAN SIHABUDDIN ', '1016006924', 2016, 'TEKNIK KOMPUTER JARINGAN', 'SMK Negeri 1 Cibinong', '-', 'Imported 4/2/2019', '2019-04-02 05:15:41'),
(498, 'MOH.NAFIS AHLAN ', '1016006925', 2016, 'TEKNIK KOMPUTER JARINGAN', 'SMK Negeri 1 Cibinong', '-', 'Imported 4/2/2019', '2019-04-02 05:15:41'),
(499, 'MUHAMMAD ANDIKA KURNIA ALAMSYAH', '1016006926', 2016, 'TEKNIK KOMPUTER JARINGAN', 'SMK Negeri 1 Cibinong', '-', 'Imported 4/2/2019', '2019-04-02 05:15:42'),
(500, 'MUHAMMAD FERDI YUDHA HUTAMA', '1016006927', 2016, 'TEKNIK KOMPUTER JARINGAN', 'SMK Negeri 1 Cibinong', '-', 'Imported 4/2/2019', '2019-04-02 05:15:42'),
(501, 'Muhammad Husni Johansyah', '1016006928', 2016, 'TEKNIK KOMPUTER JARINGAN', 'SMK Negeri 1 Cibinong', '-', 'Imported 4/2/2019', '2019-04-02 05:15:42'),
(502, 'Mutiara Salsabilla', '1016006929', 2016, 'TEKNIK KOMPUTER JARINGAN', 'SMK Negeri 1 Cibinong', '-', 'Imported 4/2/2019', '2019-04-02 05:15:42'),
(503, 'Nurliyana Julita', '1016006930', 2016, 'TEKNIK KOMPUTER JARINGAN', 'SMK Negeri 1 Cibinong', '-', 'Imported 4/2/2019', '2019-04-02 05:15:42'),
(504, 'Putra Bagas Veryanto', '1016006931', 2016, 'TEKNIK KOMPUTER JARINGAN', 'SMK Negeri 1 Cibinong', '-', 'Imported 4/2/2019', '2019-04-02 05:15:42'),
(505, 'Rafli Aulia Hafiz', '1016006932', 2016, 'TEKNIK KOMPUTER JARINGAN', 'SMK Negeri 1 Cibinong', '-', 'Imported 4/2/2019', '2019-04-02 05:15:42'),
(506, 'Rahmat Adi Wibowo', '1016006933', 2016, 'TEKNIK KOMPUTER JARINGAN', 'SMK Negeri 1 Cibinong', '-', 'Imported 4/2/2019', '2019-04-02 05:15:42'),
(507, 'SOFIAN ROZAQI', '1016006935', 2016, 'TEKNIK KOMPUTER JARINGAN', 'SMK Negeri 1 Cibinong', '-', 'Imported 4/2/2019', '2019-04-02 05:15:42'),
(508, 'Sofyan Fauzi', '1016006936', 2016, 'TEKNIK KOMPUTER JARINGAN', 'SMK Negeri 1 Cibinong', '-', 'Imported 4/2/2019', '2019-04-02 05:15:42'),
(509, 'Surya Rifqi Fadhilah', '1016006937', 2016, 'TEKNIK KOMPUTER JARINGAN', 'SMK Negeri 1 Cibinong', '-', 'Imported 4/2/2019', '2019-04-02 05:15:42'),
(510, 'Syarifzul Hidayat', '1016006938', 2016, 'TEKNIK KOMPUTER JARINGAN', 'SMK Negeri 1 Cibinong', '-', 'Imported 4/2/2019', '2019-04-02 05:15:43'),
(511, 'Tita Trianita', '1016006939', 2016, 'TEKNIK KOMPUTER JARINGAN', 'SMK Negeri 1 Cibinong', '-', 'Imported 4/2/2019', '2019-04-02 05:15:43'),
(512, 'TOPAN IQBAL', '1016006940', 2016, 'TEKNIK KOMPUTER JARINGAN', 'SMK Negeri 1 Cibinong', '-', 'Imported 4/2/2019', '2019-04-02 05:15:43'),
(513, 'USWATUN KHASANAH', '1016006941', 2016, 'TEKNIK KOMPUTER JARINGAN', 'SMK Negeri 1 Cibinong', '-', 'Imported 4/2/2019', '2019-04-02 05:15:43'),
(514, 'Yeri Chikal Persada', '1016006942', 2016, 'TEKNIK KOMPUTER JARINGAN', 'SMK Negeri 1 Cibinong', '-', 'Imported 4/2/2019', '2019-04-02 05:15:43'),
(515, 'ABDUL FATHAH', '1016006943', 2016, 'REKAYASA PERANGKAT LUNAK', 'SMK Negeri 1 Cibinong', '-', 'Imported 4/2/2019', '2019-04-02 05:15:43'),
(516, 'ADI SURYANA', '1016006944', 2016, 'REKAYASA PERANGKAT LUNAK', 'SMK Negeri 1 Cibinong', '-', 'Imported 4/2/2019', '2019-04-02 05:15:43'),
(517, 'ADITYA RYAN MAHENDRA', '1016006945', 2016, 'REKAYASA PERANGKAT LUNAK', 'SMK Negeri 1 Cibinong', '-', 'Imported 4/2/2019', '2019-04-02 05:15:43'),
(518, 'ALLIA FEBRIAN', '1016006946', 2016, 'REKAYASA PERANGKAT LUNAK', 'SMK Negeri 1 Cibinong', '-', 'Imported 4/2/2019', '2019-04-02 05:15:43'),
(519, 'Arya Gilang Perdana', '1016006947', 2016, 'REKAYASA PERANGKAT LUNAK', 'SMK Negeri 1 Cibinong', '-', 'Imported 4/2/2019', '2019-04-02 05:15:43'),
(520, 'Dani Muhamad Yusuf', '1016006948', 2016, 'REKAYASA PERANGKAT LUNAK', 'SMK Negeri 1 Cibinong', '-', 'Imported 4/2/2019', '2019-04-02 05:15:43'),
(521, 'Dede Ubaidillah', '1016006949', 2016, 'REKAYASA PERANGKAT LUNAK', 'SMK Negeri 1 Cibinong', '-', 'Imported 4/2/2019', '2019-04-02 05:15:44'),
(522, 'DESTYA RAMADHANI ', '1016006950', 2016, 'REKAYASA PERANGKAT LUNAK', 'SMK Negeri 1 Cibinong', '-', 'Imported 4/2/2019', '2019-04-02 05:15:44'),
(523, 'Erik Julios', '1016006951', 2016, 'REKAYASA PERANGKAT LUNAK', 'SMK Negeri 1 Cibinong', '-', 'Imported 4/2/2019', '2019-04-02 05:15:44'),
(524, 'FACHRUL RACHMAN', '1016006952', 2016, 'REKAYASA PERANGKAT LUNAK', 'SMK Negeri 1 Cibinong', '-', 'Imported 4/2/2019', '2019-04-02 05:15:44'),
(525, 'Fahri Ardiansyah', '1016006953', 2016, 'REKAYASA PERANGKAT LUNAK', 'SMK Negeri 1 Cibinong', '-', 'Imported 4/2/2019', '2019-04-02 05:15:44'),
(526, 'Faishal Rasyid', '1016006954', 2016, 'REKAYASA PERANGKAT LUNAK', 'SMK Negeri 1 Cibinong', '-', 'Imported 4/2/2019', '2019-04-02 05:15:44'),
(527, 'Faizal Budi Pratama', '1016006955', 2016, 'REKAYASA PERANGKAT LUNAK', 'SMK Negeri 1 Cibinong', '-', 'Imported 4/2/2019', '2019-04-02 05:15:44'),
(528, 'FIKRI HABIB RAMADHAN ', '1016006956', 2016, 'REKAYASA PERANGKAT LUNAK', 'SMK Negeri 1 Cibinong', '-', 'Imported 4/2/2019', '2019-04-02 05:15:44'),
(529, 'GILANG WAHYU DWI WIDODO', '1016006957', 2016, 'REKAYASA PERANGKAT LUNAK', 'SMK Negeri 1 Cibinong', '-', 'Imported 4/2/2019', '2019-04-02 05:15:44'),
(530, 'Haldhira Ladiva', '1016006958', 2016, 'REKAYASA PERANGKAT LUNAK', 'SMK Negeri 1 Cibinong', '-', 'Imported 4/2/2019', '2019-04-02 05:15:44'),
(531, 'IBRANI DESMON HUKOM ', '1016006959', 2016, 'REKAYASA PERANGKAT LUNAK', 'SMK Negeri 1 Cibinong', '-', 'Imported 4/2/2019', '2019-04-02 05:15:44'),
(532, 'KHARISMA RAHMAWATI', '1016006960', 2016, 'REKAYASA PERANGKAT LUNAK', 'SMK Negeri 1 Cibinong', '-', 'Imported 4/2/2019', '2019-04-02 05:15:45'),
(533, 'KLARA ELINDA FAKHIRA', '1016006961', 2016, 'REKAYASA PERANGKAT LUNAK', 'SMK Negeri 1 Cibinong', '-', 'Imported 4/2/2019', '2019-04-02 05:15:45'),
(534, 'LIDYA FRANSISCA SAMOSIR ', '1016006962', 2016, 'REKAYASA PERANGKAT LUNAK', 'SMK Negeri 1 Cibinong', '-', 'Imported 4/2/2019', '2019-04-02 05:15:45'),
(535, 'Linda Apriyanti', '1016006963', 2016, 'REKAYASA PERANGKAT LUNAK', 'SMK Negeri 1 Cibinong', '-', 'Imported 4/2/2019', '2019-04-02 05:15:45'),
(536, 'Muhammad Ziku Erliandra Putra', '1016006964', 2016, 'REKAYASA PERANGKAT LUNAK', 'SMK Negeri 1 Cibinong', '-', 'Imported 4/2/2019', '2019-04-02 05:15:45'),
(537, 'Mahdi Pamungkas', '1016006965', 2016, 'REKAYASA PERANGKAT LUNAK', 'SMK Negeri 1 Cibinong', '-', 'Imported 4/2/2019', '2019-04-02 05:15:45'),
(538, 'Moses Paskary Osman', '1016006966', 2016, 'REKAYASA PERANGKAT LUNAK', 'SMK Negeri 1 Cibinong', '-', 'Imported 4/2/2019', '2019-04-02 05:15:45'),
(539, 'Muhammad Faruq Amiral Abshar', '1016006967', 2016, 'REKAYASA PERANGKAT LUNAK', 'SMK Negeri 1 Cibinong', '-', 'Imported 4/2/2019', '2019-04-02 05:15:45'),
(540, 'Muhammad Fathurahman As Sidik', '1016006968', 2016, 'REKAYASA PERANGKAT LUNAK', 'SMK Negeri 1 Cibinong', '-', 'Imported 4/2/2019', '2019-04-02 05:15:45'),
(541, 'Muhammad Puja Abadi Pratama', '1016006969', 2016, 'REKAYASA PERANGKAT LUNAK', 'SMK Negeri 1 Cibinong', '-', 'Imported 4/2/2019', '2019-04-02 05:15:45'),
(542, 'Muhammad Rafly Ramadhan', '1016006970', 2016, 'REKAYASA PERANGKAT LUNAK', 'SMK Negeri 1 Cibinong', '-', 'Imported 4/2/2019', '2019-04-02 05:15:45'),
(543, 'NABELLA AYU PASYA', '1016006971', 2016, 'REKAYASA PERANGKAT LUNAK', 'SMK Negeri 1 Cibinong', '-', 'Imported 4/2/2019', '2019-04-02 05:15:46'),
(544, 'Noer Fazri Ramadhan', '1016006972', 2016, 'REKAYASA PERANGKAT LUNAK', 'SMK Negeri 1 Cibinong', '-', 'Imported 4/2/2019', '2019-04-02 05:15:46'),
(545, 'NUR ISMURNIWATI', '1016006973', 2016, 'REKAYASA PERANGKAT LUNAK', 'SMK Negeri 1 Cibinong', '-', 'Imported 4/2/2019', '2019-04-02 05:15:46'),
(546, 'Pascal Wilman', '1016006974', 2016, 'REKAYASA PERANGKAT LUNAK', 'SMK Negeri 1 Cibinong', '-', 'Imported 4/2/2019', '2019-04-02 05:15:46'),
(547, 'Rahajeng Wilianti Ningrum', '1016006975', 2016, 'REKAYASA PERANGKAT LUNAK', 'SMK Negeri 1 Cibinong', '-', 'Imported 4/2/2019', '2019-04-02 05:15:46'),
(548, 'Rakha Haris', '1016006976', 2016, 'REKAYASA PERANGKAT LUNAK', 'SMK Negeri 1 Cibinong', '-', 'Imported 4/2/2019', '2019-04-02 05:15:46'),
(549, 'Rayhan Fairuz Syahputra Adrian', '1016006977', 2016, 'REKAYASA PERANGKAT LUNAK', 'SMK Negeri 1 Cibinong', '-', 'Imported 4/2/2019', '2019-04-02 05:15:46'),
(550, 'Serly Tripratiwi', '1016006979', 2016, 'REKAYASA PERANGKAT LUNAK', 'SMK Negeri 1 Cibinong', '-', 'Imported 4/2/2019', '2019-04-02 05:15:46'),
(551, 'Surya Hardi Lukita', '1016006980', 2016, 'REKAYASA PERANGKAT LUNAK', 'SMK Negeri 1 Cibinong', '-', 'Imported 4/2/2019', '2019-04-02 05:15:46'),
(552, 'Wahyu Dwi Kurniawan', '1016006981', 2016, 'REKAYASA PERANGKAT LUNAK', 'SMK Negeri 1 Cibinong', '-', 'Imported 4/2/2019', '2019-04-02 05:15:46'),
(553, 'Adam Akram', '1016006982', 2016, 'REKAYASA PERANGKAT LUNAK', 'SMK Negeri 1 Cibinong', '-', 'Imported 4/2/2019', '2019-04-02 05:15:46'),
(554, 'Ageng Ayu', '1016006983', 2016, 'REKAYASA PERANGKAT LUNAK', 'SMK Negeri 1 Cibinong', '-', 'Imported 4/2/2019', '2019-04-02 05:15:47'),
(555, 'Aldo Rizky Alpriadi', '1016006984', 2016, 'REKAYASA PERANGKAT LUNAK', 'SMK Negeri 1 Cibinong', '-', 'Imported 4/2/2019', '2019-04-02 05:15:47'),
(556, 'ALMAIDA TUSHOLIHAH', '1016006985', 2016, 'REKAYASA PERANGKAT LUNAK', 'SMK Negeri 1 Cibinong', '-', 'Imported 4/2/2019', '2019-04-02 05:15:47'),
(557, 'Andreas AleXIIander Kaawoan', '1016006986', 2016, 'REKAYASA PERANGKAT LUNAK', 'SMK Negeri 1 Cibinong', '-', 'Imported 4/2/2019', '2019-04-02 05:15:47'),
(558, 'Astri Nurul Fadhilah', '1016006987', 2016, 'REKAYASA PERANGKAT LUNAK', 'SMK Negeri 1 Cibinong', '-', 'Imported 4/2/2019', '2019-04-02 05:15:47'),
(559, 'AYU APRIYANTI', '1016006988', 2016, 'REKAYASA PERANGKAT LUNAK', 'SMK Negeri 1 Cibinong', '-', 'Imported 4/2/2019', '2019-04-02 05:15:47'),
(560, 'AZRA KHATAMI', '1016006989', 2016, 'REKAYASA PERANGKAT LUNAK', 'SMK Negeri 1 Cibinong', '-', 'Imported 4/2/2019', '2019-04-02 05:15:47'),
(561, 'BAYU AJI FEBRIYANTO', '1016006990', 2016, 'REKAYASA PERANGKAT LUNAK', 'SMK Negeri 1 Cibinong', '-', 'Imported 4/2/2019', '2019-04-02 05:15:47'),
(562, 'Edoardo Geraldi Loppies', '1016006991', 2016, 'REKAYASA PERANGKAT LUNAK', 'SMK Negeri 1 Cibinong', '-', 'Imported 4/2/2019', '2019-04-02 05:15:47'),
(563, 'FADJAR ANDHIKA WIGUNA', '1016006992', 2016, 'REKAYASA PERANGKAT LUNAK', 'SMK Negeri 1 Cibinong', '-', 'Imported 4/2/2019', '2019-04-02 05:15:47'),
(564, 'Gadis Ariandita Hera', '1016006993', 2016, 'REKAYASA PERANGKAT LUNAK', 'SMK Negeri 1 Cibinong', '-', 'Imported 4/2/2019', '2019-04-02 05:15:47'),
(565, 'Hadi Maulana', '1016006994', 2016, 'REKAYASA PERANGKAT LUNAK', 'SMK Negeri 1 Cibinong', '-', 'Imported 4/2/2019', '2019-04-02 05:15:48'),
(566, 'Hana Setiawan', '1016006995', 2016, 'REKAYASA PERANGKAT LUNAK', 'SMK Negeri 1 Cibinong', '-', 'Imported 4/2/2019', '2019-04-02 05:15:48'),
(567, 'HARNANDA RAFIKA ANJANI', '1016006996', 2016, 'REKAYASA PERANGKAT LUNAK', 'SMK Negeri 1 Cibinong', '-', 'Imported 4/2/2019', '2019-04-02 05:15:48'),
(568, 'IBRAHIM SYAH QARDHAWI', '1016006997', 2016, 'REKAYASA PERANGKAT LUNAK', 'SMK Negeri 1 Cibinong', '-', 'Imported 4/2/2019', '2019-04-02 05:15:48'),
(569, 'ICHO ISHAMASHI', '1016006998', 2016, 'REKAYASA PERANGKAT LUNAK', 'SMK Negeri 1 Cibinong', '-', 'Imported 4/2/2019', '2019-04-02 05:15:48'),
(570, 'MUHAMMAD FARAS BAGINDA ', '1016006999', 2016, 'REKAYASA PERANGKAT LUNAK', 'SMK Negeri 1 Cibinong', '-', 'Imported 4/2/2019', '2019-04-02 05:15:48'),
(571, 'MOCHAMAD IRFAN RAHMADAN', '1016007001', 2016, 'REKAYASA PERANGKAT LUNAK', 'SMK Negeri 1 Cibinong', '-', 'Imported 4/2/2019', '2019-04-02 05:15:48'),
(572, 'Mochammad Arya Genta Buana', '1016007002', 2016, 'REKAYASA PERANGKAT LUNAK', 'SMK Negeri 1 Cibinong', '-', 'Imported 4/2/2019', '2019-04-02 05:15:48'),
(573, 'MUFIIDAH TRI MEILANI', '1016007003', 2016, 'REKAYASA PERANGKAT LUNAK', 'SMK Negeri 1 Cibinong', '-', 'Imported 4/2/2019', '2019-04-02 05:15:48'),
(574, 'MUHAMAD FITRAYUDA', '1016007004', 2016, 'REKAYASA PERANGKAT LUNAK', 'SMK Negeri 1 Cibinong', '-', 'Imported 4/2/2019', '2019-04-02 05:15:48'),
(575, 'MUHAMAD RIFAL', '1016007005', 2016, 'REKAYASA PERANGKAT LUNAK', 'SMK Negeri 1 Cibinong', '-', 'Imported 4/2/2019', '2019-04-02 05:15:48'),
(576, 'Muhammad Alif Kanz', '1016007006', 2016, 'REKAYASA PERANGKAT LUNAK', 'SMK Negeri 1 Cibinong', '-', 'Imported 4/2/2019', '2019-04-02 05:15:49'),
(577, 'MUHAMMAD ANDHIKA FIRDAUS', '1016007007', 2016, 'REKAYASA PERANGKAT LUNAK', 'SMK Negeri 1 Cibinong', '-', 'Imported 4/2/2019', '2019-04-02 05:15:49'),
(578, 'MUHAMMAD SHAFWAN MUTTAQIN', '1016007008', 2016, 'REKAYASA PERANGKAT LUNAK', 'SMK Negeri 1 Cibinong', '-', 'Imported 4/2/2019', '2019-04-02 05:15:49'),
(579, 'Panca Erlangga', '1016007009', 2016, 'REKAYASA PERANGKAT LUNAK', 'SMK Negeri 1 Cibinong', '-', 'Imported 4/2/2019', '2019-04-02 05:15:49'),
(580, 'Purwa Sabrang Ramadhan', '1016007010', 2016, 'REKAYASA PERANGKAT LUNAK', 'SMK Negeri 1 Cibinong', '-', 'Imported 4/2/2019', '2019-04-02 05:15:49'),
(581, 'Ratna Sulistiyaningsih', '1016007011', 2016, 'REKAYASA PERANGKAT LUNAK', 'SMK Negeri 1 Cibinong', '-', 'Imported 4/2/2019', '2019-04-02 05:15:49'),
(582, 'Refal Eko Prasetyo', '1016007012', 2016, 'REKAYASA PERANGKAT LUNAK', 'SMK Negeri 1 Cibinong', '-', 'Imported 4/2/2019', '2019-04-02 05:15:49'),
(583, 'Ridwan', '1016007013', 2016, 'REKAYASA PERANGKAT LUNAK', 'SMK Negeri 1 Cibinong', '-', 'Imported 4/2/2019', '2019-04-02 05:15:49'),
(584, 'RIO RANDITYA KURNIAWAN', '1016007014', 2016, 'REKAYASA PERANGKAT LUNAK', 'SMK Negeri 1 Cibinong', '-', 'Imported 4/2/2019', '2019-04-02 05:15:49'),
(585, 'RIWALDI', '1016007015', 2016, 'REKAYASA PERANGKAT LUNAK', 'SMK Negeri 1 Cibinong', '-', 'Imported 4/2/2019', '2019-04-02 05:15:49'),
(586, 'RIZKI IBNU HARTADI', '1016007016', 2016, 'REKAYASA PERANGKAT LUNAK', 'SMK Negeri 1 Cibinong', '-', 'Imported 4/2/2019', '2019-04-02 05:15:49'),
(587, 'Wardah Azzahra', '1016007018', 2016, 'REKAYASA PERANGKAT LUNAK', 'SMK Negeri 1 Cibinong', '-', 'Imported 4/2/2019', '2019-04-02 05:15:50'),
(588, 'Yusuf Achmad Adihaeli', '1016007019', 2016, 'REKAYASA PERANGKAT LUNAK', 'SMK Negeri 1 Cibinong', '-', 'Imported 4/2/2019', '2019-04-02 05:15:50'),
(589, 'ALTI SEPTIANDARI', '1016007020', 2016, 'MULTIMEDIA', 'SMK Negeri 1 Cibinong', '-', 'Imported 4/2/2019', '2019-04-02 05:15:50'),
(590, 'Andika Febrian Hendrajat', '1016007021', 2016, 'MULTIMEDIA', 'SMK Negeri 1 Cibinong', '-', 'Imported 4/2/2019', '2019-04-02 05:15:50'),
(591, 'Andini', '1016007022', 2016, 'MULTIMEDIA', 'SMK Negeri 1 Cibinong', '-', 'Imported 4/2/2019', '2019-04-02 05:15:50'),
(592, 'Athiyya Na Dhifa Nur Aulia', '1016007023', 2016, 'MULTIMEDIA', 'SMK Negeri 1 Cibinong', '-', 'Imported 4/2/2019', '2019-04-02 05:15:50'),
(593, 'Bella Nabila', '1016007024', 2016, 'MULTIMEDIA', 'SMK Negeri 1 Cibinong', '-', 'Imported 4/2/2019', '2019-04-02 05:15:50'),
(594, 'Daffa Razan Aldav', '1016007025', 2016, 'MULTIMEDIA', 'SMK Negeri 1 Cibinong', '-', 'Imported 4/2/2019', '2019-04-02 05:15:50'),
(595, 'FACHRY FADILLAH', '1016007026', 2016, 'MULTIMEDIA', 'SMK Negeri 1 Cibinong', '-', 'Imported 4/2/2019', '2019-04-02 05:15:50'),
(596, 'Faiz Syifa Damayanti', '1016007027', 2016, 'MULTIMEDIA', 'SMK Negeri 1 Cibinong', '-', 'Imported 4/2/2019', '2019-04-02 05:15:50'),
(597, 'Faralita Widya Utami', '1016007028', 2016, 'MULTIMEDIA', 'SMK Negeri 1 Cibinong', '-', 'Imported 4/2/2019', '2019-04-02 05:15:50'),
(598, 'FARLI LILAWALDI ', '1016007029', 2016, 'MULTIMEDIA', 'SMK Negeri 1 Cibinong', '-', 'Imported 4/2/2019', '2019-04-02 05:15:50'),
(599, 'Haridayanto', '1016007030', 2016, 'MULTIMEDIA', 'SMK Negeri 1 Cibinong', '-', 'Imported 4/2/2019', '2019-04-02 05:15:51'),
(600, 'Haris Munandar', '1016007031', 2016, 'MULTIMEDIA', 'SMK Negeri 1 Cibinong', '-', 'Imported 4/2/2019', '2019-04-02 05:15:51'),
(601, 'Haryo Rafi Athallah Putra', '1016007032', 2016, 'MULTIMEDIA', 'SMK Negeri 1 Cibinong', '-', 'Imported 4/2/2019', '2019-04-02 05:15:51'),
(602, 'Hasna Alyya Rahmah', '1016007033', 2016, 'MULTIMEDIA', 'SMK Negeri 1 Cibinong', '-', 'Imported 4/2/2019', '2019-04-02 05:15:51'),
(603, 'ILHAM RIDHO ALQAD', '1016007034', 2016, 'MULTIMEDIA', 'SMK Negeri 1 Cibinong', '-', 'Imported 4/2/2019', '2019-04-02 05:15:51'),
(604, 'Indri Cantika Putri', '1016007035', 2016, 'MULTIMEDIA', 'SMK Negeri 1 Cibinong', '-', 'Imported 4/2/2019', '2019-04-02 05:15:51'),
(605, 'IZZULHAQ MUJALADIN ', '1016007036', 2016, 'MULTIMEDIA', 'SMK Negeri 1 Cibinong', '-', 'Imported 4/2/2019', '2019-04-02 05:15:51'),
(606, 'Kiara Ananda', '1016007037', 2016, 'MULTIMEDIA', 'SMK Negeri 1 Cibinong', '-', 'Imported 4/2/2019', '2019-04-02 05:15:51'),
(607, 'Lusia Pramisti Aurellia', '1016007038', 2016, 'MULTIMEDIA', 'SMK Negeri 1 Cibinong', '-', 'Imported 4/2/2019', '2019-04-02 05:15:51'),
(608, 'MUH. RIZAL PRATAMA', '1016007039', 2016, 'MULTIMEDIA', 'SMK Negeri 1 Cibinong', '-', 'Imported 4/2/2019', '2019-04-02 05:15:51'),
(609, 'MUHAMMAD ERIAL AXAL', '1016007040', 2016, 'MULTIMEDIA', 'SMK Negeri 1 Cibinong', '-', 'Imported 4/2/2019', '2019-04-02 05:15:51'),
(610, 'Muhammad Fadilah', '1016007041', 2016, 'MULTIMEDIA', 'SMK Negeri 1 Cibinong', '-', 'Imported 4/2/2019', '2019-04-02 05:15:52'),
(611, 'MUHAMMAD NAUFAL ALAUDDIN', '1016007042', 2016, 'MULTIMEDIA', 'SMK Negeri 1 Cibinong', '-', 'Imported 4/2/2019', '2019-04-02 05:15:52'),
(612, 'Muhammad Reza Pahlevi', '1016007043', 2016, 'MULTIMEDIA', 'SMK Negeri 1 Cibinong', '-', 'Imported 4/2/2019', '2019-04-02 05:15:52'),
(613, 'Mutiara Nur Hasyyati', '1016007044', 2016, 'MULTIMEDIA', 'SMK Negeri 1 Cibinong', '-', 'Imported 4/2/2019', '2019-04-02 05:15:52'),
(614, 'Nabila Nurida Puteri', '1016007045', 2016, 'MULTIMEDIA', 'SMK Negeri 1 Cibinong', '-', 'Imported 4/2/2019', '2019-04-02 05:15:52'),
(615, 'Nadhifah Aafiyah', '1016007046', 2016, 'MULTIMEDIA', 'SMK Negeri 1 Cibinong', '-', 'Imported 4/2/2019', '2019-04-02 05:15:52'),
(616, 'Putera Cahya Kencana', '1016007047', 2016, 'MULTIMEDIA', 'SMK Negeri 1 Cibinong', '-', 'Imported 4/2/2019', '2019-04-02 05:15:52'),
(617, 'Raihana Ammara Hafizhah', '1016007048', 2016, 'MULTIMEDIA', 'SMK Negeri 1 Cibinong', '-', 'Imported 4/2/2019', '2019-04-02 05:15:52'),
(618, 'Rei Dzulfialdi', '1016007049', 2016, 'MULTIMEDIA', 'SMK Negeri 1 Cibinong', '-', 'Imported 4/2/2019', '2019-04-02 05:15:52'),
(619, 'Riyadh Raihan', '1016007050', 2016, 'MULTIMEDIA', 'SMK Negeri 1 Cibinong', '-', 'Imported 4/2/2019', '2019-04-02 05:15:52'),
(620, 'Rizki Dwi Tama', '1016007051', 2016, 'MULTIMEDIA', 'SMK Negeri 1 Cibinong', '-', 'Imported 4/2/2019', '2019-04-02 05:15:52'),
(621, 'Salma Amordeeva', '1016007052', 2016, 'MULTIMEDIA', 'SMK Negeri 1 Cibinong', '-', 'Imported 4/2/2019', '2019-04-02 05:15:52'),
(622, 'Sekar Andini Wibisono Putri', '1016007053', 2016, 'MULTIMEDIA', 'SMK Negeri 1 Cibinong', '-', 'Imported 4/2/2019', '2019-04-02 05:15:53'),
(623, 'Syifa Hameza Hamid', '1016007054', 2016, 'MULTIMEDIA', 'SMK Negeri 1 Cibinong', '-', 'Imported 4/2/2019', '2019-04-02 05:15:53'),
(624, 'Yunia Rosyana Dewi', '1016007055', 2016, 'MULTIMEDIA', 'SMK Negeri 1 Cibinong', '-', 'Imported 4/2/2019', '2019-04-02 05:15:53'),
(625, 'Zico Zackie Yogawiratama', '1016007056', 2016, 'MULTIMEDIA', 'SMK Negeri 1 Cibinong', '-', 'Imported 4/2/2019', '2019-04-02 05:15:53'),
(626, 'Ananda Farhan Ferdiansyah', '1016007057', 2016, 'MULTIMEDIA', 'SMK Negeri 1 Cibinong', '-', 'Imported 4/2/2019', '2019-04-02 05:15:53'),
(627, 'Atikah Rosni', '1016007058', 2016, 'MULTIMEDIA', 'SMK Negeri 1 Cibinong', '-', 'Imported 4/2/2019', '2019-04-02 05:15:53'),
(628, 'AUFA AUDREY MARTHA', '1016007059', 2016, 'MULTIMEDIA', 'SMK Negeri 1 Cibinong', '-', 'Imported 4/2/2019', '2019-04-02 05:15:53'),
(629, 'Ayu Nita', '1016007060', 2016, 'MULTIMEDIA', 'SMK Negeri 1 Cibinong', '-', 'Imported 4/2/2019', '2019-04-02 05:15:53'),
(630, 'Chaeril Pradiptanuh Rachman', '1016007061', 2016, 'MULTIMEDIA', 'SMK Negeri 1 Cibinong', '-', 'Imported 4/2/2019', '2019-04-02 05:15:53'),
(631, 'CHRISTOPHORUS DYLAN ADELARD', '1016007062', 2016, 'MULTIMEDIA', 'SMK Negeri 1 Cibinong', '-', 'Imported 4/2/2019', '2019-04-02 05:15:53'),
(632, 'CLOUDIOZ FEBRILIANT F.M. ', '1016007063', 2016, 'MULTIMEDIA', 'SMK Negeri 1 Cibinong', '-', 'Imported 4/2/2019', '2019-04-02 05:15:54'),
(633, 'DEVI KOMALA', '1016007064', 2016, 'MULTIMEDIA', 'SMK Negeri 1 Cibinong', '-', 'Imported 4/2/2019', '2019-04-02 05:15:54'),
(634, 'Dimas Arya Kusuma Putra', '1016007065', 2016, 'MULTIMEDIA', 'SMK Negeri 1 Cibinong', '-', 'Imported 4/2/2019', '2019-04-02 05:15:54'),
(635, 'Dui Sena Rachmadi', '1016007066', 2016, 'MULTIMEDIA', 'SMK Negeri 1 Cibinong', '-', 'Imported 4/2/2019', '2019-04-02 05:15:54'),
(636, 'Dzumaratin Damar Sasongko', '1016007067', 2016, 'MULTIMEDIA', 'SMK Negeri 1 Cibinong', '-', 'Imported 4/2/2019', '2019-04-02 05:15:54'),
(637, 'Ferdy Rahman', '1016007068', 2016, 'MULTIMEDIA', 'SMK Negeri 1 Cibinong', '-', 'Imported 4/2/2019', '2019-04-02 05:15:54'),
(638, 'FIBY MUHAMAD BYUN HYUNBI', '1016007069', 2016, 'MULTIMEDIA', 'SMK Negeri 1 Cibinong', '-', 'Imported 4/2/2019', '2019-04-02 05:15:54'),
(639, 'Ibnu Fadilah', '1016007070', 2016, 'MULTIMEDIA', 'SMK Negeri 1 Cibinong', '-', 'Imported 4/2/2019', '2019-04-02 05:15:54'),
(640, 'Ilham Hardiyansyah', '1016007071', 2016, 'MULTIMEDIA', 'SMK Negeri 1 Cibinong', '-', 'Imported 4/2/2019', '2019-04-02 05:15:54'),
(641, 'Jian Adithia', '1016007072', 2016, 'MULTIMEDIA', 'SMK Negeri 1 Cibinong', '-', 'Imported 4/2/2019', '2019-04-02 05:15:54'),
(642, 'KHANIA INDAH SARI', '1016007073', 2016, 'MULTIMEDIA', 'SMK Negeri 1 Cibinong', '-', 'Imported 4/2/2019', '2019-04-02 05:15:54'),
(643, 'Muhammad Achsan Fadhli', '1016007074', 2016, 'MULTIMEDIA', 'SMK Negeri 1 Cibinong', '-', 'Imported 4/2/2019', '2019-04-02 05:15:55'),
(644, 'Muhammad Dafa', '1016007075', 2016, 'MULTIMEDIA', 'SMK Negeri 1 Cibinong', '-', 'Imported 4/2/2019', '2019-04-02 05:15:55'),
(645, 'Muhammad Fachri Elwansyah', '1016007076', 2016, 'MULTIMEDIA', 'SMK Negeri 1 Cibinong', '-', 'Imported 4/2/2019', '2019-04-02 05:15:55'),
(646, 'Muhammad Hasbi Sidiq', '1016007077', 2016, 'MULTIMEDIA', 'SMK Negeri 1 Cibinong', '-', 'Imported 4/2/2019', '2019-04-02 05:15:55'),
(647, 'Nur Aulia Khofifah', '1016007078', 2016, 'MULTIMEDIA', 'SMK Negeri 1 Cibinong', '-', 'Imported 4/2/2019', '2019-04-02 05:15:55'),
(648, 'PUTRI NAULI HANDAYANI SIALLAGAN ', '1016007079', 2016, 'MULTIMEDIA', 'SMK Negeri 1 Cibinong', '-', 'Imported 4/2/2019', '2019-04-02 05:15:55'),
(649, 'Reynaldi Saputra', '1016007080', 2016, 'MULTIMEDIA', 'SMK Negeri 1 Cibinong', '-', 'Imported 4/2/2019', '2019-04-02 05:15:55'),
(650, 'Reza Akbar Ramadhan', '1016007081', 2016, 'MULTIMEDIA', 'SMK Negeri 1 Cibinong', '-', 'Imported 4/2/2019', '2019-04-02 05:15:55'),
(651, 'REZA DIRGANTARA W. ', '1016007082', 2016, 'MULTIMEDIA', 'SMK Negeri 1 Cibinong', '-', 'Imported 4/2/2019', '2019-04-02 05:15:55'),
(652, 'Rizka Setyaningsih', '1016007083', 2016, 'MULTIMEDIA', 'SMK Negeri 1 Cibinong', '-', 'Imported 4/2/2019', '2019-04-02 05:15:55'),
(653, 'Rizky Andira K', '1016007084', 2016, 'MULTIMEDIA', 'SMK Negeri 1 Cibinong', '-', 'Imported 4/2/2019', '2019-04-02 05:15:55'),
(654, 'ROJWA KAMILIA SYIFA', '1016007085', 2016, 'MULTIMEDIA', 'SMK Negeri 1 Cibinong', '-', 'Imported 4/2/2019', '2019-04-02 05:15:56'),
(655, 'Salsa Putri Rahmalia', '1016007086', 2016, 'MULTIMEDIA', 'SMK Negeri 1 Cibinong', '-', 'Imported 4/2/2019', '2019-04-02 05:15:56'),
(656, 'Sanabila', '1016007087', 2016, 'MULTIMEDIA', 'SMK Negeri 1 Cibinong', '-', 'Imported 4/2/2019', '2019-04-02 05:15:56'),
(657, 'Sarah Sulistiawati', '1016007088', 2016, 'MULTIMEDIA', 'SMK Negeri 1 Cibinong', '-', 'Imported 4/2/2019', '2019-04-02 05:15:56'),
(658, 'Sheilamita Utami Putri', '1016007089', 2016, 'MULTIMEDIA', 'SMK Negeri 1 Cibinong', '-', 'Imported 4/2/2019', '2019-04-02 05:15:56'),
(659, 'Trisna Maryam Defitriyani', '1016007090', 2016, 'MULTIMEDIA', 'SMK Negeri 1 Cibinong', '-', 'Imported 4/2/2019', '2019-04-02 05:15:56'),
(660, 'Vera Andriani', '1016007091', 2016, 'MULTIMEDIA', 'SMK Negeri 1 Cibinong', '-', 'Imported 4/2/2019', '2019-04-02 05:15:56'),
(661, 'Vicranovic Alkmar', '1016007092', 2016, 'MULTIMEDIA', 'SMK Negeri 1 Cibinong', '-', 'Imported 4/2/2019', '2019-04-02 05:15:56'),
(662, 'Widya Cahyaningtias', '1016007093', 2016, 'MULTIMEDIA', 'SMK Negeri 1 Cibinong', '-', 'Imported 4/2/2019', '2019-04-02 05:15:56'),
(663, 'AISYAH CAHYA RANI MASRIZAL', '1016007094', 2016, 'MULTIMEDIA', 'SMK Negeri 1 Cibinong', '-', 'Imported 4/2/2019', '2019-04-02 05:15:56'),
(664, 'Aisyah Yasmirafitri Priandi', '1016007095', 2016, 'MULTIMEDIA', 'SMK Negeri 1 Cibinong', '-', 'Imported 4/2/2019', '2019-04-02 05:15:56'),
(665, 'ALMIRANDA JAIHAN CHAIRANI', '1016007096', 2016, 'MULTIMEDIA', 'SMK Negeri 1 Cibinong', '-', 'Imported 4/2/2019', '2019-04-02 05:15:57'),
(666, 'Annisa Nur Alifa A. ', '1016007097', 2016, 'MULTIMEDIA', 'SMK Negeri 1 Cibinong', '-', 'Imported 4/2/2019', '2019-04-02 05:15:57'),
(667, 'Annisa Rahma Harma Vicha', '1016007098', 2016, 'MULTIMEDIA', 'SMK Negeri 1 Cibinong', '-', 'Imported 4/2/2019', '2019-04-02 05:15:57'),
(668, 'Ayuning Nugrahani', '1016007099', 2016, 'MULTIMEDIA', 'SMK Negeri 1 Cibinong', '-', 'Imported 4/2/2019', '2019-04-02 05:15:57'),
(669, 'BANYU PRAKASA RIZKY ', '1016007100', 2016, 'MULTIMEDIA', 'SMK Negeri 1 Cibinong', '-', 'Imported 4/2/2019', '2019-04-02 05:15:57'),
(670, 'Chantika Pramesdhia Iftinan', '1016007101', 2016, 'MULTIMEDIA', 'SMK Negeri 1 Cibinong', '-', 'Imported 4/2/2019', '2019-04-02 05:15:57'),
(671, 'Dimas Darfiangga', '1016007102', 2016, 'MULTIMEDIA', 'SMK Negeri 1 Cibinong', '-', 'Imported 4/2/2019', '2019-04-02 05:15:57'),
(672, 'Dzorif Fadhlan Haq', '1016007103', 2016, 'MULTIMEDIA', 'SMK Negeri 1 Cibinong', '-', 'Imported 4/2/2019', '2019-04-02 05:15:57'),
(673, 'EKA ADE SAFITRI ', '1016007104', 2016, 'MULTIMEDIA', 'SMK Negeri 1 Cibinong', '-', 'Imported 4/2/2019', '2019-04-02 05:15:57'),
(674, 'FANI AGUSTIANI', '1016007105', 2016, 'MULTIMEDIA', 'SMK Negeri 1 Cibinong', '-', 'Imported 4/2/2019', '2019-04-02 05:15:57'),
(675, 'Farhana', '1016007106', 2016, 'MULTIMEDIA', 'SMK Negeri 1 Cibinong', '-', 'Imported 4/2/2019', '2019-04-02 05:15:57'),
(676, 'Gina Febby Fajriyanti', '1016007107', 2016, 'MULTIMEDIA', 'SMK Negeri 1 Cibinong', '-', 'Imported 4/2/2019', '2019-04-02 05:15:58'),
(677, 'Gusti Agung Lintang Kautaman', '1016007108', 2016, 'MULTIMEDIA', 'SMK Negeri 1 Cibinong', '-', 'Imported 4/2/2019', '2019-04-02 05:15:58'),
(678, 'HABIB SEPTIADI', '1016007109', 2016, 'MULTIMEDIA', 'SMK Negeri 1 Cibinong', '-', 'Imported 4/2/2019', '2019-04-02 05:15:58'),
(679, 'IBNU ALDI NUGROHO', '1016007110', 2016, 'MULTIMEDIA', 'SMK Negeri 1 Cibinong', '-', 'Imported 4/2/2019', '2019-04-02 05:15:58'),
(680, 'IKHLASUL KAMAL IRMANSYAH', '1016007111', 2016, 'MULTIMEDIA', 'SMK Negeri 1 Cibinong', '-', 'Imported 4/2/2019', '2019-04-02 05:15:58'),
(681, 'ILMADA YUWIRIKA', '1016007112', 2016, 'MULTIMEDIA', 'SMK Negeri 1 Cibinong', '-', 'Imported 4/2/2019', '2019-04-02 05:15:58'),
(682, 'Jaezah Muthia Jhonda', '1016007113', 2016, 'MULTIMEDIA', 'SMK Negeri 1 Cibinong', '-', 'Imported 4/2/2019', '2019-04-02 05:15:58'),
(683, 'Lusi Puspita Ningrum', '1016007114', 2016, 'MULTIMEDIA', 'SMK Negeri 1 Cibinong', '-', 'Imported 4/2/2019', '2019-04-02 05:15:58'),
(684, 'Muhamad Rizki', '1016007115', 2016, 'MULTIMEDIA', 'SMK Negeri 1 Cibinong', '-', 'Imported 4/2/2019', '2019-04-02 05:15:58'),
(685, 'Muhammad Ihsan', '1016007116', 2016, 'MULTIMEDIA', 'SMK Negeri 1 Cibinong', '-', 'Imported 4/2/2019', '2019-04-02 05:15:58');
INSERT INTO `ms_mhs` (`id`, `nama`, `nim`, `angkatan`, `prodi`, `jurusan`, `fakultas`, `aux`, `timestamp`) VALUES
(686, 'Muhammad Rafi Rizky', '1016007117', 2016, 'MULTIMEDIA', 'SMK Negeri 1 Cibinong', '-', 'Imported 4/2/2019', '2019-04-02 05:15:58'),
(687, 'MUHAMMAD RIAN TIRTA NUGRAHA', '1016007118', 2016, 'MULTIMEDIA', 'SMK Negeri 1 Cibinong', '-', 'Imported 4/2/2019', '2019-04-02 05:15:59'),
(688, 'Muhammad Rifky Rangkuti', '1016007119', 2016, 'MULTIMEDIA', 'SMK Negeri 1 Cibinong', '-', 'Imported 4/2/2019', '2019-04-02 05:15:59'),
(689, 'Mutiara Putri', '1016007120', 2016, 'MULTIMEDIA', 'SMK Negeri 1 Cibinong', '-', 'Imported 4/2/2019', '2019-04-02 05:15:59'),
(690, 'Nadia Cahyaningtyas', '1016007121', 2016, 'MULTIMEDIA', 'SMK Negeri 1 Cibinong', '-', 'Imported 4/2/2019', '2019-04-02 05:15:59'),
(691, 'Nadya Aurelia Devi', '1016007122', 2016, 'MULTIMEDIA', 'SMK Negeri 1 Cibinong', '-', 'Imported 4/2/2019', '2019-04-02 05:15:59'),
(692, 'Pradita Cahyani', '1016007123', 2016, 'MULTIMEDIA', 'SMK Negeri 1 Cibinong', '-', 'Imported 4/2/2019', '2019-04-02 05:15:59'),
(693, 'Rajwa Nurhafizha', '1016007124', 2016, 'MULTIMEDIA', 'SMK Negeri 1 Cibinong', '-', 'Imported 4/2/2019', '2019-04-02 05:15:59'),
(694, 'Raka Novi Awitama ', '1016007125', 2016, 'MULTIMEDIA', 'SMK Negeri 1 Cibinong', '-', 'Imported 4/2/2019', '2019-04-02 05:15:59'),
(695, 'Ridhan Sadewo', '1016007126', 2016, 'MULTIMEDIA', 'SMK Negeri 1 Cibinong', '-', 'Imported 4/2/2019', '2019-04-02 05:15:59'),
(696, 'Rizka Sara Syahida', '1016007127', 2016, 'MULTIMEDIA', 'SMK Negeri 1 Cibinong', '-', 'Imported 4/2/2019', '2019-04-02 05:15:59'),
(697, 'Shadiq Rizky Akbar ', '1016007128', 2016, 'MULTIMEDIA', 'SMK Negeri 1 Cibinong', '-', 'Imported 4/2/2019', '2019-04-02 05:15:59'),
(698, 'YUDHISTIRA DEWA SUMIRAT', '1016007129', 2016, 'MULTIMEDIA', 'SMK Negeri 1 Cibinong', '-', 'Imported 4/2/2019', '2019-04-02 05:15:59'),
(699, 'Zephan Ali Yafi', '1016007130', 2016, 'MULTIMEDIA', 'SMK Negeri 1 Cibinong', '-', 'Imported 4/2/2019', '2019-04-02 05:16:00');

-- --------------------------------------------------------

--
-- Table structure for table `ms_nominal_umum`
--

CREATE TABLE `ms_nominal_umum` (
  `id` int(255) NOT NULL,
  `golongan` int(10) NOT NULL,
  `tipetrans` int(10) NOT NULL,
  `nominal` bigint(255) NOT NULL,
  `timestamp` timestamp NOT NULL DEFAULT CURRENT_TIMESTAMP ON UPDATE CURRENT_TIMESTAMP
) ENGINE=InnoDB DEFAULT CHARSET=latin1;

--
-- Dumping data for table `ms_nominal_umum`
--

INSERT INTO `ms_nominal_umum` (`id`, `golongan`, `tipetrans`, `nominal`, `timestamp`) VALUES
(13, 6, 7, 330000, '2019-04-02 05:17:42'),
(14, 6, 8, 6200000, '2019-04-02 05:17:55');

-- --------------------------------------------------------

--
-- Table structure for table `ms_semester`
--

CREATE TABLE `ms_semester` (
  `id` int(255) NOT NULL,
  `namasemester` varchar(255) NOT NULL,
  `start` datetime DEFAULT NULL,
  `end` datetime DEFAULT NULL,
  `timestamp` timestamp NOT NULL DEFAULT CURRENT_TIMESTAMP ON UPDATE CURRENT_TIMESTAMP
) ENGINE=InnoDB DEFAULT CHARSET=latin1;

--
-- Dumping data for table `ms_semester`
--

INSERT INTO `ms_semester` (`id`, `namasemester`, `start`, `end`, `timestamp`) VALUES
(15, '1819', '2019-03-04 08:55:06', '2019-03-31 08:55:06', '2019-03-19 01:55:23');

-- --------------------------------------------------------

--
-- Table structure for table `ms_type_transaksi`
--

CREATE TABLE `ms_type_transaksi` (
  `id` int(255) NOT NULL,
  `tipe_transaksi` varchar(255) NOT NULL,
  `otp` tinyint(1) NOT NULL,
  `timestamp` timestamp NOT NULL DEFAULT CURRENT_TIMESTAMP ON UPDATE CURRENT_TIMESTAMP
) ENGINE=InnoDB DEFAULT CHARSET=latin1;

--
-- Dumping data for table `ms_type_transaksi`
--

INSERT INTO `ms_type_transaksi` (`id`, `tipe_transaksi`, `otp`, `timestamp`) VALUES
(7, 'SPP', 1, '2019-03-19 01:53:39'),
(8, 'DSP', 0, '2019-03-19 01:53:45');

-- --------------------------------------------------------

--
-- Table structure for table `tr_bayar`
--

CREATE TABLE `tr_bayar` (
  `id` int(255) NOT NULL,
  `id_mhs` int(255) NOT NULL,
  `tipe_transaksi` varchar(255) NOT NULL,
  `nominal` bigint(255) NOT NULL,
  `invcode` text NOT NULL,
  `rincian` text NOT NULL,
  `semester` int(255) NOT NULL,
  `timestamp` timestamp NOT NULL DEFAULT CURRENT_TIMESTAMP ON UPDATE CURRENT_TIMESTAMP
) ENGINE=InnoDB DEFAULT CHARSET=latin1;

--
-- Dumping data for table `tr_bayar`
--

INSERT INTO `tr_bayar` (`id`, `id_mhs`, `tipe_transaksi`, `nominal`, `invcode`, `rincian`, `semester`, `timestamp`) VALUES
(21, 619, 'SPP', 300000, '2019031900000', '(1) SPP', 15, '2019-03-19 01:56:07'),
(22, 619, 'DSP', 2000000, '2019031900000', 'Rp. 2,000,000', 15, '2019-03-19 01:56:07'),
(23, 65, 'SPP', 330000, '2019040200000', '(1) SPP', -1, '2019-04-02 05:20:39'),
(24, 65, 'DSP', 1000000, '2019040200000', 'Rp. 1,000,000', -1, '2019-04-02 05:20:39');

-- --------------------------------------------------------

--
-- Table structure for table `t_authority`
--

CREATE TABLE `t_authority` (
  `id` int(255) NOT NULL,
  `id_staff` int(255) NOT NULL,
  `permission_allow` varchar(255) NOT NULL,
  `value` tinyint(1) NOT NULL
) ENGINE=InnoDB DEFAULT CHARSET=latin1;

--
-- Dumping data for table `t_authority`
--

INSERT INTO `t_authority` (`id`, `id_staff`, `permission_allow`, `value`) VALUES
(56, 7, 'start_nomumum', 1),
(57, 7, 'start_tipetrans', 1),
(58, 7, 'start_golbayar', 1),
(59, 7, 'start_editadmin', 1),
(60, 7, 'start_log', 1),
(61, 7, 'start_report', 1),
(62, 7, 'start_transaksi', 1),
(63, 7, 'start_assigngol', 1),
(64, 7, 'start_nomkhusus', 1),
(65, 7, 'start_importer', 1),
(66, 7, 'start_semester', 1),
(67, 7, 'start_datamhs', 1);

-- --------------------------------------------------------

--
-- Table structure for table `t_outcome`
--

CREATE TABLE `t_outcome` (
  `id` int(11) NOT NULL,
  `nominal` decimal(18,2) NOT NULL,
  `keterangan` varchar(250) NOT NULL,
  `timestamp` timestamp NOT NULL DEFAULT CURRENT_TIMESTAMP ON UPDATE CURRENT_TIMESTAMP
) ENGINE=InnoDB DEFAULT CHARSET=latin1;

--
-- Dumping data for table `t_outcome`
--

INSERT INTO `t_outcome` (`id`, `nominal`, `keterangan`, `timestamp`) VALUES
(1, '50000.00', 'Beli makan', '2019-03-19 01:56:30');

-- --------------------------------------------------------

--
-- Table structure for table `t_staff`
--

CREATE TABLE `t_staff` (
  `id` int(255) NOT NULL,
  `username` varchar(255) NOT NULL,
  `password` varchar(255) NOT NULL,
  `level` int(255) NOT NULL,
  `fullname` varchar(255) NOT NULL,
  `contact` text NOT NULL
) ENGINE=InnoDB DEFAULT CHARSET=latin1;

--
-- Dumping data for table `t_staff`
--

INSERT INTO `t_staff` (`id`, `username`, `password`, `level`, `fullname`, `contact`) VALUES
(7, 'admin', 'admin', 1, 'Default Admin', '');

--
-- Indexes for dumped tables
--

--
-- Indexes for table `as_mhs_golongan`
--
ALTER TABLE `as_mhs_golongan`
  ADD PRIMARY KEY (`id`);

--
-- Indexes for table `as_nominal_khusus`
--
ALTER TABLE `as_nominal_khusus`
  ADD PRIMARY KEY (`id`);

--
-- Indexes for table `ms_golongan`
--
ALTER TABLE `ms_golongan`
  ADD PRIMARY KEY (`id`);

--
-- Indexes for table `ms_mhs`
--
ALTER TABLE `ms_mhs`
  ADD PRIMARY KEY (`id`);

--
-- Indexes for table `ms_nominal_umum`
--
ALTER TABLE `ms_nominal_umum`
  ADD PRIMARY KEY (`id`);

--
-- Indexes for table `ms_semester`
--
ALTER TABLE `ms_semester`
  ADD PRIMARY KEY (`id`);

--
-- Indexes for table `ms_type_transaksi`
--
ALTER TABLE `ms_type_transaksi`
  ADD PRIMARY KEY (`id`);

--
-- Indexes for table `tr_bayar`
--
ALTER TABLE `tr_bayar`
  ADD PRIMARY KEY (`id`);

--
-- Indexes for table `t_authority`
--
ALTER TABLE `t_authority`
  ADD PRIMARY KEY (`id`);

--
-- Indexes for table `t_outcome`
--
ALTER TABLE `t_outcome`
  ADD PRIMARY KEY (`id`);

--
-- Indexes for table `t_staff`
--
ALTER TABLE `t_staff`
  ADD PRIMARY KEY (`id`);

--
-- AUTO_INCREMENT for dumped tables
--

--
-- AUTO_INCREMENT for table `as_mhs_golongan`
--
ALTER TABLE `as_mhs_golongan`
  MODIFY `id` int(255) NOT NULL AUTO_INCREMENT, AUTO_INCREMENT=1329;

--
-- AUTO_INCREMENT for table `as_nominal_khusus`
--
ALTER TABLE `as_nominal_khusus`
  MODIFY `id` int(255) NOT NULL AUTO_INCREMENT;

--
-- AUTO_INCREMENT for table `ms_golongan`
--
ALTER TABLE `ms_golongan`
  MODIFY `id` int(255) NOT NULL AUTO_INCREMENT, AUTO_INCREMENT=7;

--
-- AUTO_INCREMENT for table `ms_mhs`
--
ALTER TABLE `ms_mhs`
  MODIFY `id` int(255) NOT NULL AUTO_INCREMENT, AUTO_INCREMENT=700;

--
-- AUTO_INCREMENT for table `ms_nominal_umum`
--
ALTER TABLE `ms_nominal_umum`
  MODIFY `id` int(255) NOT NULL AUTO_INCREMENT, AUTO_INCREMENT=15;

--
-- AUTO_INCREMENT for table `ms_semester`
--
ALTER TABLE `ms_semester`
  MODIFY `id` int(255) NOT NULL AUTO_INCREMENT, AUTO_INCREMENT=16;

--
-- AUTO_INCREMENT for table `ms_type_transaksi`
--
ALTER TABLE `ms_type_transaksi`
  MODIFY `id` int(255) NOT NULL AUTO_INCREMENT, AUTO_INCREMENT=9;

--
-- AUTO_INCREMENT for table `tr_bayar`
--
ALTER TABLE `tr_bayar`
  MODIFY `id` int(255) NOT NULL AUTO_INCREMENT, AUTO_INCREMENT=25;

--
-- AUTO_INCREMENT for table `t_authority`
--
ALTER TABLE `t_authority`
  MODIFY `id` int(255) NOT NULL AUTO_INCREMENT, AUTO_INCREMENT=68;

--
-- AUTO_INCREMENT for table `t_outcome`
--
ALTER TABLE `t_outcome`
  MODIFY `id` int(11) NOT NULL AUTO_INCREMENT, AUTO_INCREMENT=2;

--
-- AUTO_INCREMENT for table `t_staff`
--
ALTER TABLE `t_staff`
  MODIFY `id` int(255) NOT NULL AUTO_INCREMENT, AUTO_INCREMENT=8;
COMMIT;

/*!40101 SET CHARACTER_SET_CLIENT=@OLD_CHARACTER_SET_CLIENT */;
/*!40101 SET CHARACTER_SET_RESULTS=@OLD_CHARACTER_SET_RESULTS */;
/*!40101 SET COLLATION_CONNECTION=@OLD_COLLATION_CONNECTION */;
